LineId,Content,EventId,EventTemplate
1,Setting new Return-To-Home altitude to nnn (nnn).,489,Setting new Return-To-Home altitude to nnn (nnn).
2,Data Recorder File Index is nnn.,420,Data Recorder File Index is nnn.
3,Setting new Maximum Flight Altitude to nnn (nnn).,305,Setting new Maximum Flight Altitude to nnn (nnn).
4,Gimbal nnn pitch axis endpoint reached.,25,Gimbal nnn pitch axis endpoint reached.
5,Your aircraft is flying in an Altitude Zone (nnn). Please fly with caution.,46,Your aircraft is flying in an Altitude Zone (nnn). Please fly with caution.
6,Aircraft not in flight. Vision systems and obstacle avoidance disabled (Code: 180059).,219,Aircraft not in flight. Vision systems and obstacle avoidance disabled (Code: 180059).
7,The remaining battery is only enough for RTH. Return home now.,86,The remaining battery is only enough for RTH. Return home now.
8,Reaching maximum altitude.,0,Reaching maximum altitude.
9,Gimbal Recenter.,408,Gimbal Recenter.
10,High Wind Velocity: Fly with caution and ensure the aircraft remains within your line of sight.,43,High Wind Velocity: Fly with caution and ensure the aircraft remains within your line of sight.
11,GEO: You are in a Warning Zone (Airport Class Airspace Unpaved Airports Power Plant). Fly with caution.,473,GEO: You are in a Warning Zone (Airport Class Airspace Unpaved Airports Power Plant). Fly with caution.
12,Recenter Gimbal Pan.,407,Recenter Gimbal Pan.
13,Remote controller signal weak. Adjust remote controller antennas (Code: 80002).,484,Remote controller signal weak. Adjust remote controller antennas (Code: 80002).
14,Switched to S (Sport)-mode.,475,Switched to S (Sport)-mode.
15,Remote ID functionality normal (Code: 1B080003).,197,Remote ID functionality normal (Code: 1B080003).
16,Switched to T (Tripod)-mode.,413,Switched to T (Tripod)-mode.
17,Gimbal nnn pan axis endpoint reached.,83,Gimbal nnn pan axis endpoint reached.
18,Critical low battery. Return to home or land promptly.,332,Critical low battery. Return to home or land promptly.
19,Aircraft is returning to the Home Point. Minimum RTH Altitude is nnn. You can reset the RTH Altitude in Remote Controller Settings after cancelling RTH if necessary.,74,Aircraft is returning to the Home Point. Minimum RTH Altitude is nnn. You can reset the RTH Altitude in Remote Controller Settings after cancelling RTH if necessary.
20,Low battery. Return to home promptly (Code: 30183).,96,Low battery. Return to home promptly (Code: 30183).
21,"Tip: Aircraft reached maximum distance, please pay attention to flight safety.",344,"Tip: Aircraft reached maximum distance, please pay attention to flight safety."
22,Aircraft in Altitude Zone (nnn). Fly with caution (Code: 190001).,46,Aircraft in Altitude Zone (nnn). Fly with caution (Code: 190001).
23,Home Point updated. RTH altitude adjusted to nnn (Code: 3000001).,69,Home Point updated. RTH altitude adjusted to nnn (Code: 3000001).
24,Flight altitude exceeds nnn. Aircraft may be in violation of local laws and regulations. Check and make sure you have obtained proper authorization to fly in this airspace (Code: 3000006).,185,Flight altitude exceeds nnn. Aircraft may be in violation of local laws and regulations. Check and make sure you have obtained proper authorization to fly in this airspace (Code: 3000006).
25,Weak signal. Adjust antennas (Code: 80016).,18,Weak signal. Adjust antennas (Code: 80016).
26,Remote ID functionality normal (Code: 30331).,197,Remote ID functionality normal (Code: 30331).
27,Motor is Blocked.,401,Motor is Blocked.
28,Aircraft battery level low. Return to home promptly (Code: 1B030014).,4,Aircraft battery level low. Return to home promptly (Code: 1B030014).
29,Downlink data connection lost for nnn seconds.,309,Downlink data connection lost for nnn seconds.
30,Switched to P (Positioning)-mode.,499,Switched to P (Positioning)-mode.
31,RTK signal weak. Move to an open area for takeoff or turn off RTK.,455,RTK signal weak. Move to an open area for takeoff or turn off RTK.
32,Strong wind warning. Aircraft unable to return to home automatically. Lower altitude immediately and return to home manually (Code: 30149).,503,Strong wind warning. Aircraft unable to return to home automatically. Lower altitude immediately and return to home manually (Code: 30149).
33,Aircraft antenna satellite signal searching error. Fly with caution (0x1610008f).,487,Aircraft antenna satellite signal searching error. Fly with caution (0x1610008f).
34,Obstacle Avoided. Revise Flight Route.,122,Obstacle Avoided. Revise Flight Route.
35,Home Point updated. RTH altitude adjusted to nnn (Code: 120852).,69,Home Point updated. RTH altitude adjusted to nnn (Code: 120852).
36,Not Enough Force/ESC Error.,479,Not Enough Force/ESC Error.
37,Remote controller in high interference environment. Manually adjust flight route or return to home (Code: 80014).,26,Remote controller in high interference environment. Manually adjust flight route or return to home (Code: 80014).
38,Starting Smart Track.,431,Starting Smart Track.
39,"Cannot switch flight mode. Turn on ""Multiple Flight Modes"" to enable Atti and Sport Modes.",170,"Cannot switch flight mode. Turn on ""Multiple Flight Modes"" to enable Atti and Sport Modes."
40,Aircraft in Attitude mode. Unable to hover. Fly with caution (Code: 30004).,443,Aircraft in Attitude mode. Unable to hover. Fly with caution (Code: 30004).
41,Object too far for laser rangefinder.,179,Object too far for laser rangefinder.
42,"Braking now. Return sticks to midpoints, then continue flying.",7,"Braking now. Return sticks to midpoints, then continue flying."
43,Vision systems and obstacle avoidance disabled (Code: 180059).,380,Vision systems and obstacle avoidance disabled (Code: 180059).
44,Manned aircraft detected nearby. Fly with caution (Code: 30179).,433,Manned aircraft detected nearby. Fly with caution (Code: 30179).
45,Ambient light too low. Vision system and obstacle sensing unavailable. Fly with caution (Code: 1A420BC6).,114,Ambient light too low. Vision system and obstacle sensing unavailable. Fly with caution (Code: 1A420BC6).
46,Vision sensor(s) blocked. Fly with caution (Code: 180038).,346,Vision sensor(s) blocked. Fly with caution (Code: 180038).
47,No SD card. Insert card (Code: 10022).,296,No SD card. Insert card (Code: 10022).
48,Critical low battery. Aircraft landing automatically (Code: 30033).,23,Critical low battery. Aircraft landing automatically (Code: 30033).
49,High altitude. Aircraft braking distance increased and flight time decreased. Fly with caution (Code: 30238).,55,High altitude. Aircraft braking distance increased and flight time decreased. Fly with caution (Code: 30238).
50,Object too close to laser rangefinder.,506,Object too close to laser rangefinder.
51,Low battery. Return to home promptly (Code: 120732).,96,Low battery. Return to home promptly (Code: 120732).
52,Obstacle Avoidance will be disabled in landing.,444,Obstacle Avoidance will be disabled in landing.
53,Aircraft is returning to the Home Point. RTH Altitude is nnn. You can reset the RTH Altitude in Remote Controller Settings after cancelling RTH if necessary.,74,Aircraft is returning to the Home Point. RTH Altitude is nnn. You can reset the RTH Altitude in Remote Controller Settings after cancelling RTH if necessary.
54,Taking off.,162,Taking off.
55,Propeller Fell Off.,329,Propeller Fell Off.
56,Altitude above the takeoff point exceeds nnn. Always fly in compliance with altitude limitations.,412,Altitude above the takeoff point exceeds nnn. Always fly in compliance with altitude limitations.
57,Critical Low Battery (Code: 30032).,80,Critical Low Battery (Code: 30032).
58,Home Point updated (Code: 120852).,456,Home Point updated (Code: 120852).
59,Switched to A (Attitude)-mode.,481,Switched to A (Attitude)-mode.
60,The flight attitude angle is larger in Sport mode. The gimbal will rotate when the aircraft starts or stops. Use Normal mode if required for stable shooting (Code: 40022).,483,The flight attitude angle is larger in Sport mode. The gimbal will rotate when the aircraft starts or stops. Use Normal mode if required for stable shooting (Code: 40022).
61,Compass Error.,62,Compass Error.
62,Critical low battery. Aircraft returning to home (Code: 30184).,4,Critical low battery. Aircraft returning to home (Code: 30184).
63,Maximum Flight Altitude Reached. Adjust altitude in MC Settings if required.,15,Maximum Flight Altitude Reached. Adjust altitude in MC Settings if required.
64,Image transmission signal lost (Code: 80001).,317,Image transmission signal lost (Code: 80001).
65,Ambient light too low. Vision system and obstacle sensing unavailable. Fly with caution (Code: 1A420BC0).,114,Ambient light too low. Vision system and obstacle sensing unavailable. Fly with caution (Code: 1A420BC0).
66,"To take off in non-P mode, toggle Flight Mode Switch to another mode and then toggle it back.",486,"To take off in non-P mode, toggle Flight Mode Switch to another mode and then toggle it back."
67,Critically low power. Aircraft is landing.,118,Critically low power. Aircraft is landing.
68,Upward Obstacle Detected.,463,Upward Obstacle Detected.
69,Aircraft flight control obtained by remote controller B.,68,Aircraft flight control obtained by remote controller B.
70,Landing Gear Raised.,124,Landing Gear Raised.
71,High wind velocity. Fly with caution and land in a safe place ASAP.,108,High wind velocity. Fly with caution and land in a safe place ASAP.
72,Aircraft in Altitude Zone (Altitude limit: nnn). Fly with caution (Code: 190012).,46,Aircraft in Altitude Zone (Altitude limit: nnn). Fly with caution (Code: 190012).
73,GPS signal weak. Hovering unstable. Fly with caution (Code: 30002).,458,GPS signal weak. Hovering unstable. Fly with caution (Code: 30002).
74,Landing Gear Lowering.,507,Landing Gear Lowering.
75,Weak GPS signal. Positional accuracy may be compromised. Please fly with caution.,64,Weak GPS signal. Positional accuracy may be compromised. Please fly with caution.
76,Landing gear lowered. Obstacle Avoidance Disabled.,89,Landing gear lowered. Obstacle Avoidance Disabled.
77,Aircraft in high interference environment. Manually adjust flight route or return to home (Code: 80015).,26,Aircraft in high interference environment. Manually adjust flight route or return to home (Code: 80015).
78,Extended flight distance detected. Always maintain visual line of sight unless otherwise authorized.,471,Extended flight distance detected. Always maintain visual line of sight unless otherwise authorized.
79,Landing Gear Raising.,508,Landing Gear Raising.
80,Warning: Battery Temperature Below 15°C (59F). Warm battery to above 25°C (77F) before flying.,139,Warning: Battery Temperature Below 15°C (59F). Warm battery to above 25°C (77F) before flying.
81,Precision Landing. Correcting Landing Position.,47,Precision Landing. Correcting Landing Position.
82,Weak signal. Avoid blocking the antennas and keep the antennas parallel to and facing toward the aircraft during flight.,158,Weak signal. Avoid blocking the antennas and keep the antennas parallel to and facing toward the aircraft during flight.
83,Motor unable to rotate. Check motor (Code: 30142).,453,Motor unable to rotate. Check motor (Code: 30142).
84,Exiting GPS mode: Unknown Error.,495,Exiting GPS mode: Unknown Error.
85,Forward Obstacle Sensing is not functioning. Ambient Light is too weak.,5,Forward Obstacle Sensing is not functioning. Ambient Light is too weak.
86,Compass interference. Please move the aircraft away from potential interference source or calibrate the compass.,238,Compass interference. Please move the aircraft away from potential interference source or calibrate the compass.
87,Tap the screen to focus.,81,Tap the screen to focus.
88,Video cache has stopped because there is not enough storage space. You can enable Auto Cache Clear or manually delete cache to get enough space.,203,Video cache has stopped because there is not enough storage space. You can enable Auto Cache Clear or manually delete cache to get enough space.
89,Critical low battery. Unable to take off. Recharge promptly (Code: 30032).,414,Critical low battery. Unable to take off. Recharge promptly (Code: 30032).
90,Aircraft is close to the Home Point. Initiating Return to Home will now trigger Auto Landing.,252,Aircraft is close to the Home Point. Initiating Return to Home will now trigger Auto Landing.
91,Altitude Zone nnn.,377,Altitude Zone nnn.
92,Auxiliary Bottom Light turned off.,49,Auxiliary Bottom Light turned off.
93,Warning: Max Flight Altitude Reached. Adjust in Main Controller Settings if necessary.,15,Warning: Max Flight Altitude Reached. Adjust in Main Controller Settings if necessary.
94,Auxiliary Bottom Light turned on.,49,Auxiliary Bottom Light turned on.
95,Backward Obstacle Sensing is not functioning. Ambient Light is too weak.,5,Backward Obstacle Sensing is not functioning. Ambient Light is too weak.
96,Signal Lost. Aircraft returning to Home Point.,348,Signal Lost. Aircraft returning to Home Point.
97,Barometer Dead in Air.,283,Barometer Dead in Air.
98,Motor stuck. Check for objects blocking motor or contact DJI Support for assistance (Code: 30165).,76,Motor stuck. Check for objects blocking motor or contact DJI Support for assistance (Code: 30165).
99,Strong Remote Controller Interference.,297,Strong Remote Controller Interference.
100,"Aircraft max power load reached. Decrease altitude and fly with caution. If this issue persists, land immediately (Code: 30168).",370,"Aircraft max power load reached. Decrease altitude and fly with caution. If this issue persists, land immediately (Code: 30168)."
101,Check whether the propellers are attached to the correct motors based on their markings. Incorrect installation will cause the aircraft to roll over during takeoff (Code: 30251).,394,Check whether the propellers are attached to the correct motors based on their markings. Incorrect installation will cause the aircraft to roll over during takeoff (Code: 30251).
102,Max Altitude Approached. Wait for the GPS satellite signal recovery before ascend.,393,Max Altitude Approached. Wait for the GPS satellite signal recovery before ascend.
103,Payload mode enabled. Max altitude set to nnn and max distance set to nnn. Fly in a wind-free environment to ensure flight safety (Code: 30232).,102,Payload mode enabled. Max altitude set to nnn and max distance set to nnn. Fly in a wind-free environment to ensure flight safety (Code: 30232).
104,Subject lost. Reselect subject (Code: 800018).,385,Subject lost. Reselect subject (Code: 800018).
105,"Aircraft is tilted, please keep the aircraft stationary and level before flight.",419,"Aircraft is tilted, please keep the aircraft stationary and level before flight."
106,Current RTH route will pass a no-fly zone. Pay attention to the aircraft's position to avoid RTH failure.,247,Current RTH route will pass a no-fly zone. Pay attention to the aircraft's position to avoid RTH failure.
107,Gimbal calibration error. Restart aircraft or contact DJI Support if the issue persists (Code: 40011).,405,Gimbal calibration error. Restart aircraft or contact DJI Support if the issue persists (Code: 40011).
108,Lighting environment too dark. Visual positioning inaccurate. Fly with caution (Code: 180032).,14,Lighting environment too dark. Visual positioning inaccurate. Fly with caution (Code: 180032).
109,Strong Aircraft Interference.,361,Strong Aircraft Interference.
110,Aircraft flight control locked.,41,Aircraft flight control locked.
111,Aircraft flight control obtained by remote controller A.,68,Aircraft flight control obtained by remote controller A.
112,Auxiliary Bottom Light set to automatic mode.,422,Auxiliary Bottom Light set to automatic mode.
113,Battery power restricted. Aircraft performance decreased to ensure flight safety. Return to home promptly (Code: 110013).,395,Battery power restricted. Aircraft performance decreased to ensure flight safety. Return to home promptly (Code: 110013).
114,Critical Low Battery (Code: 30183).,464,Critical Low Battery (Code: 30183).
115,Propeller Fell Off. Motor idle. Check whether propellers are installed (Code: 30166).,22,Propeller Fell Off. Motor idle. Check whether propellers are installed (Code: 30166).
116,Return-to-Home Altitude: nnn.,488,Return-to-Home Altitude: nnn.
117,Weak signal. Make sure the remote controller is facing aircraft and avoid blocking the signal (Code: 80016).,324,Weak signal. Make sure the remote controller is facing aircraft and avoid blocking the signal (Code: 80016).
118,Aircraft flight control unlocked.,541,Aircraft flight control unlocked.
119,Braking now! No use to move the stick right. Avoid the obstacle.,330,Braking now! No use to move the stick right. Avoid the obstacle.
120,Homepoint updated. RTH altitude adjusted to nnn (Code: 3000001).,69,Homepoint updated. RTH altitude adjusted to nnn (Code: 3000001).
121,Insufficient SD card space. Change card or delete files (Code: 10035).,496,Insufficient SD card space. Change card or delete files (Code: 10035).
122,Motor idle. Check whether propellers are installed (Code: 30166).,22,Motor idle. Check whether propellers are installed (Code: 30166).
123,Pano successful.,311,Pano successful.
124,Strong Interference to Remote Controller. Signal interruption maybe more likely. Fly with caution.,476,Strong Interference to Remote Controller. Signal interruption maybe more likely. Fly with caution.
125,Battery temperature too low. Fly with caution (Code: 110023).,470,Battery temperature too low. Fly with caution (Code: 110023).
126,EMMC is full.,255,EMMC is full.
127,Extra payload detected. Max altitude set to nnn and max distance set to nnn to ensure flight safety (Code: 30232).,490,Extra payload detected. Max altitude set to nnn and max distance set to nnn to ensure flight safety (Code: 30232).
128,SD card full. Change card or delete files (Code: 10027).,295,SD card full. Change card or delete files (Code: 10027).
129,Unable to take off in low light environment. Ensure there are no metal and magnetic objects near the aircraft and calibrate compass (Code: 30096).,261,Unable to take off in low light environment. Ensure there are no metal and magnetic objects near the aircraft and calibrate compass (Code: 30096).
130,"During Smart Track, you can control lens zoom within a certain limit.",435,"During Smart Track, you can control lens zoom within a certain limit."
131,Gimbal IMU data error. Contact DJI Support for assistance (Code: 40021).,491,Gimbal IMU data error. Contact DJI Support for assistance (Code: 40021).
132,Motor is Blocked. Motor stuck. Check for objects blocking motor or contact DJI Support for assistance (Code: 30165).,76,Motor is Blocked. Motor stuck. Check for objects blocking motor or contact DJI Support for assistance (Code: 30165).
133,Obstacle Avoidance disabled. Fly with caution.,482,Obstacle Avoidance disabled. Fly with caution.
134,Propeller Guard Mounted. Propeller Guard mounted. Forward Obstacle Sensing will be automatically switched off.,284,Propeller Guard Mounted. Propeller Guard mounted. Forward Obstacle Sensing will be automatically switched off.
135,Unable to take off (Code: 30064).,191,Unable to take off (Code: 30064).
136,Downward Obstacle Sensing is not functioning. Ambient Light is too weak.,5,Downward Obstacle Sensing is not functioning. Ambient Light is too weak.
137,Extra payload detected. Return aircraft to an area nearby the home point promptly and fly in a wind-free environment to ensure flight safety (Code: 30231).,67,Extra payload detected. Return aircraft to an area nearby the home point promptly and fly in a wind-free environment to ensure flight safety (Code: 30231).
138,Extra payload detected. Return the aircraft to an area nearby the home point promptly to ensure flight safety (Code: 30231).,67,Extra payload detected. Return the aircraft to an area nearby the home point promptly to ensure flight safety (Code: 30231).
139,Motor unable to rotate. Check for objects blocking motor or contact DJI Support for assistance (Code: 30165).,477,Motor unable to rotate. Check for objects blocking motor or contact DJI Support for assistance (Code: 30165).
140,Propulsion output has been limited to ensure battery health.,411,Propulsion output has been limited to ensure battery health.
141,Strong wireless interference. Please fly with caution.,445,Strong wireless interference. Please fly with caution.
142,"Subject lost, searching.",157,"Subject lost, searching."
143,Account not logged in. Flight altitude and distance restricted to nnn and nnn. Check and log in (Code: 3000003).,367,Account not logged in. Flight altitude and distance restricted to nnn and nnn. Check and log in (Code: 3000003).
144,Aircraft in Authorization Zone. Exit zone promptly (Code: 190004).,366,Aircraft in Authorization Zone. Exit zone promptly (Code: 190004).
145,Compass initialization failed. Restart aircraft (Code: 30063).,429,Compass initialization failed. Restart aircraft (Code: 30063).
146,Intelligent Flight Modes have not been enabled. Enable this option in Main Controller Settings if needed.,390,Intelligent Flight Modes have not been enabled. Enable this option in Main Controller Settings if needed.
147,Obstacle sensing not available at night. Adjust RTH altitude to above tallest surrounding building before flying (Code: 3203600).,417,Obstacle sensing not available at night. Adjust RTH altitude to above tallest surrounding building before flying (Code: 3203600).
148,Panorama Captured Successfully.,409,Panorama Captured Successfully.
149,Tip: Only the first camera can tap-zoom in dual gimbal control mode.,323,Tip: Only the first camera can tap-zoom in dual gimbal control mode.
150,"Tip: When multi-gimbals are controlled together, only the first gimbal spotlight feature is available.",371,"Tip: When multi-gimbals are controlled together, only the first gimbal spotlight feature is available."
151,Weak GPS signal. Aircraft is in Attitude mode and hovering may be unstable. Fly with caution.,432,Weak GPS signal. Aircraft is in Attitude mode and hovering may be unstable. Fly with caution.
152,Aircraft ActiveTrack max speed of nnn and Obstacle Avoidance functions normally.,16,Aircraft ActiveTrack max speed of nnn and Obstacle Avoidance functions normally.
153,Compass error. Ensure there are no metal or magnetic objects near the aircraft and calibrate it before use (Code: 30060).,389,Compass error. Ensure there are no metal or magnetic objects near the aircraft and calibrate it before use (Code: 30060).
154,Gimbal Pitch Limit Reached.,70,Gimbal Pitch Limit Reached.
155,Motor nnn stalled. Land aircraft immediately.,287,Motor nnn stalled. Land aircraft immediately.
156,Pano shooting completed. The sky part is filled automatically.,269,Pano shooting completed. The sky part is filled automatically.
157,Precision Landing. Locating Landing Point.,47,Precision Landing. Locating Landing Point.
158,Remote controller disconnected from aircraft (Code: 30029).,379,Remote controller disconnected from aircraft (Code: 30029).
159,Yaw Error.,289,Yaw Error.
160,Aircraft is in QuickShot Mode. Ensure your environment is free of potential obstacles.,182,Aircraft is in QuickShot Mode. Ensure your environment is free of potential obstacles.
161,Aircraft propulsion system error. Forced landing. Manually control the aircraft and land in an open area.,194,Aircraft propulsion system error. Forced landing. Manually control the aircraft and land in an open area.
162,Camera Settings ActiveTrack Optimized.,542,Camera Settings ActiveTrack Optimized.
163,Color display in the Liveview has been enhanced. Videos and photos will still be shot in D-Log mode.,248,Color display in the Liveview has been enhanced. Videos and photos will still be shot in D-Log mode.
164,Impact detected. Restart aircraft (Code: 30132).,13,Impact detected. Restart aircraft (Code: 30132).
165,"Low power, please replace the battery.",381,"Low power, please replace the battery."
166,QuickShot has ended.,266,QuickShot has ended.
167,Remote controller battery level low. Recharge promptly (Code: 60001).,256,Remote controller battery level low. Recharge promptly (Code: 60001).
168,Remote controller signal lost (Code: 30029).,335,Remote controller signal lost (Code: 30029).
169,Returning Home.,278,Returning Home.
170,SD card malfunction. Change card (Code: 10023).,241,SD card malfunction. Change card (Code: 10023).
171,Weak signal. Adjust antenna and avoid signal block.,18,Weak signal. Adjust antenna and avoid signal block.
172,Accelerator is Over Range.,497,Accelerator is Over Range.
173,Aircraft in Authorization Zone. Unable to take off before unlocking (Code: 3000005).,340,Aircraft in Authorization Zone. Unable to take off before unlocking (Code: 3000005).
174,Aircraft in Restricted Zones. Check map to find Recommended Zones (Code: 30083).,448,Aircraft in Restricted Zones. Check map to find Recommended Zones (Code: 30083).
175,Backward Obstacle Sensing is not functioning.,30,Backward Obstacle Sensing is not functioning.
176,"Camera busy, cannot enter playback.",465,"Camera busy, cannot enter playback."
177,Cannot Enter TapFly. Cannot fly in that direction.,406,Cannot Enter TapFly. Cannot fly in that direction.
178,Critical low battery. Recharge promptly (Code: 30077).,212,Critical low battery. Recharge promptly (Code: 30077).
179,"Critically Low Voltage Warning. Land as soon as possible, otherwise the battery will be damaged",391,"Critically Low Voltage Warning. Land as soon as possible, otherwise the battery will be damaged"
180,Current elevation above nnn. Fly with caution (Code: 30152).,180,Current elevation above nnn. Fly with caution (Code: 30152).
181,Drone is Vibrating.,375,Drone is Vibrating.
182,"Excessive attitude angle detected, forward obstacle avoidance has stopped working.",263,"Excessive attitude angle detected, forward obstacle avoidance has stopped working."
183,Failed to cancel landing.,84,Failed to cancel landing.
184,Forward Obstacle Sensing is not functioning.,30,Forward Obstacle Sensing is not functioning.
185,Gimbal nnn roll axis endpoint reached.,543,Gimbal nnn roll axis endpoint reached.
186,Home Point Recorded.,57,Home Point Recorded.
187,Landing Canceled.,410,Landing Canceled.
188,Low battery voltage. Fly with caution (Code: 110011).,328,Low battery voltage. Fly with caution (Code: 110011).
189,Manned aircraft approaching. Fly at a safe altitude (Code: 30180).,35,Manned aircraft approaching. Fly at a safe altitude (Code: 30180).
190,Motor error. Check propellers and fly with caution (Code: 120652).,204,Motor error. Check propellers and fly with caution (Code: 120652).
191,Weak GPS signal. Positioning accuracy may be compromised. Please fly with caution.,64,Weak GPS signal. Positioning accuracy may be compromised. Please fly with caution.
192,Abnormal compass function or GPS signal detected. Aircraft switched to ATTI mode.,376,Abnormal compass function or GPS signal detected. Aircraft switched to ATTI mode.
193,Aircraft entered Fixed-Wing Mode. Current flight speed is nnn. Press C2 to exit.,285,Aircraft entered Fixed-Wing Mode. Current flight speed is nnn. Press C2 to exit.
194,Aircraft GPS interference. Aircraft unable to fly stably. Land or reutrn to home promptly (Code: 30245).,307,Aircraft GPS interference. Aircraft unable to fly stably. Land or reutrn to home promptly (Code: 30245).
195,Aircraft pitch angle too large. Ensure aircraft is level before taking off (Code: 30087).,373,Aircraft pitch angle too large. Ensure aircraft is level before taking off (Code: 30087).
196,Aircraft will automatically descend in nnn.,282,Aircraft will automatically descend in nnn.
197,"Aircraft will not enter S-mode if powered on with the remote controller set to S-mode. Please switch to Normal mode, then back to S-mode to enable it.",472,"Aircraft will not enter S-mode if powered on with the remote controller set to S-mode. Please switch to Normal mode, then back to S-mode to enable it."
198,Auto Landing in nnn(s).,350,Auto Landing in nnn(s).
199,Battery installed incorrectly. Detach battery and reinstall it (Code: 30068).,347,Battery installed incorrectly. Detach battery and reinstall it (Code: 30068).
200,Battery level low. Charge battery (Code: 30078).,466,Battery level low. Charge battery (Code: 30078).
201,Battery: Connection Error.,316,Battery: Connection Error.
202,Cache Space Full.,454,Cache Space Full.
203,Camera not calibrated. Image quality affected. Contact DJI Support for assistance (Code: 10016).,142,Camera not calibrated. Image quality affected. Contact DJI Support for assistance (Code: 10016).
204,Camera not calibrated. Image quality affected. Contact DJI Support for assistance (Code: 10017).,142,Camera not calibrated. Image quality affected. Contact DJI Support for assistance (Code: 10017).
205,Camera Settings Adjusted.,352,Camera Settings Adjusted.
206,Cannot enter the selected flight mode. Try again later.,318,Cannot enter the selected flight mode. Try again later.
207,Capture Failed. The aircraft is moving. Cannot shoot panorama.,478,Capture Failed. The aircraft is moving. Cannot shoot panorama.
208,Critical low battery. Aircraft in Auto Power Off Protection. Forced landing in progress (Code: 110014).,23,Critical low battery. Aircraft in Auto Power Off Protection. Forced landing in progress (Code: 110014).
209,Critically Low Voltage Warning. Aircraft will be forced to land.,155,Critically Low Voltage Warning. Aircraft will be forced to land.
210,Disable SD card read and write protection or change card (Code: 10024).,397,Disable SD card read and write protection or change card (Code: 10024).
211,Downward vision sensor error. Contact DJI Support for assistance (Code: 180016).,39,Downward vision sensor error. Contact DJI Support for assistance (Code: 180016).
212,Downward vision sensor error. Contact DJI Support for assistance (Code: 180017).,39,Downward vision sensor error. Contact DJI Support for assistance (Code: 180017).
213,Extra payload detected. Flight performance will be affected. Fly with caution.,502,Extra payload detected. Flight performance will be affected. Fly with caution.
214,File system error. Change SD card (Code: 10025).,349,File system error. Change SD card (Code: 10025).
215,Gimbal Yaw Limit Reached.,202,Gimbal Yaw Limit Reached.
216,GPS signal weak. Positioning accuracy affected. Fly with caution (Code: 30049).,64,GPS signal weak. Positioning accuracy affected. Fly with caution (Code: 30049).
217,Landing gear function restored.,326,Landing gear function restored.
218,Max altitude reached (Altitude limit: nnn) (Code: 20000001).,235,Max altitude reached (Altitude limit: nnn) (Code: 20000001).
219,Payload mode enabled. Max altitude set to nnn and max distance set to nnn. Fly in a wind-free environment to ensure flight safety (Code: 30230).,102,Payload mode enabled. Max altitude set to nnn and max distance set to nnn. Fly in a wind-free environment to ensure flight safety (Code: 30230).
220,Propellers not installed (Code: 30144).,127,Propellers not installed (Code: 30144).
221,Right dial locked. Please press to adjust.,73,Right dial locked. Please press to adjust.
222,RTH altitude adjusted to nnn (Code: 120852).,69,RTH altitude adjusted to nnn (Code: 120852).
223,The aircraft is flying back to the start point.,60,The aircraft is flying back to the start point.
224,Vision sensor error. Contact DJI Support for assistance (Code: 180030).,39,Vision sensor error. Contact DJI Support for assistance (Code: 180030).
225,Warning: Command Failed.,474,Warning: Command Failed.
226,Warning: Motor Obstructed.,437,Warning: Motor Obstructed.
227,Weak image transmission signal. Adjust antennas (Code: 80004).,436,Weak image transmission signal. Adjust antennas (Code: 80004).
228,Your aircraft is at the boundary of an Authorization Zone. Please fly away with caution.,504,Your aircraft is at the boundary of an Authorization Zone. Please fly away with caution.
229,A passenger aircraft is approaching. Descend as soon as possible.,42,A passenger aircraft is approaching. Descend as soon as possible.
230,A passenger aircraft is nearby. Fly with caution.,54,A passenger aircraft is nearby. Fly with caution.
231,ActiveTrack Flight Ended: Aircraft is entering a restricted area.,193,ActiveTrack Flight Ended: Aircraft is entering a restricted area.
232,ActiveTrack Flight Ended: Cannot find subject.,336,ActiveTrack Flight Ended: Cannot find subject.
233,ActiveTrack Flight Ended: Control Signal Timeout (RC).,480,ActiveTrack Flight Ended: Control Signal Timeout (RC).
234,ActiveTrack Flight Paused.,303,ActiveTrack Flight Paused.
235,ActiveTrack Flight Stopped. Aircraft Entering Restricted Area.,193,ActiveTrack Flight Stopped. Aircraft Entering Restricted Area.
236,Advanced RTH Image Transmission Recovered. Aircraft is returning home.,10,Advanced RTH Image Transmission Recovered. Aircraft is returning home.
237,AE Locked. Metering disabled.,399,AE Locked. Metering disabled.
238,Aircraft ActiveTrack available at max speed. Obstacle Avoidance is not available.,112,Aircraft ActiveTrack available at max speed. Obstacle Avoidance is not available.
239,"Aircraft ActiveTrack available at max speed. When exceeding nnn, Obstacle Avoidance is not available.",112,"Aircraft ActiveTrack available at max speed. When exceeding nnn, Obstacle Avoidance is not available."
240,Aircraft ActiveTrack max speed of nnn. Left and right Obstacle Sensing systems are available.,16,Aircraft ActiveTrack max speed of nnn. Left and right Obstacle Sensing systems are available.
241,Aircraft approaching obstacle sensing blind spot and may be unable to detect obstacles. Fly with caution.,270,Aircraft approaching obstacle sensing blind spot and may be unable to detect obstacles. Fly with caution.
242,"Aircraft close to Home Point. ""go home"" shifts to ""landing"".",50,"Aircraft close to Home Point. ""go home"" shifts to ""landing""."
243,Aircraft Core Board Overheated.,302,Aircraft Core Board Overheated.
244,Aircraft exceeded distance limit and has exited Hyperlapse mode.,259,Aircraft exceeded distance limit and has exited Hyperlapse mode.
245,Aircraft flight control obtained by remote controller UNKNOWN.,68,Aircraft flight control obtained by remote controller UNKNOWN.
246,Aircraft GPS signal too weak. Home Point not updated.,337,Aircraft GPS signal too weak. Home Point not updated.
247,Aircraft in Altitude Zone. Max altitude set to nnn (Code: 30015).,200,Aircraft in Altitude Zone. Max altitude set to nnn (Code: 30015).
248,Aircraft in high interference environment. Fly with caution (Code: 80015).,368,Aircraft in high interference environment. Fly with caution (Code: 80015).
249,Aircraft in Restricted Zone. Unable to take off. Check map to find Recommended Zones (Code: 3000006).,469,Aircraft in Restricted Zone. Unable to take off. Check map to find Recommended Zones (Code: 3000006).
250,Aircraft is close to Home Point. Return-to-Home Mode is now Auto Landing Mode.,252,Aircraft is close to Home Point. Return-to-Home Mode is now Auto Landing Mode.
251,Aircraft is flying back to the start point.,60,Aircraft is flying back to the start point.
252,"Aircraft is in Attitude mode, so that it will not hover. Please fly with caution.",265,"Aircraft is in Attitude mode, so that it will not hover. Please fly with caution."
253,Aircraft is in Sport Mode. Exit this mode and try again.,485,Aircraft is in Sport Mode. Exit this mode and try again.
254,Aircraft is in Tripod Mode. Exit this mode and try again.,300,Aircraft is in Tripod Mode. Exit this mode and try again.
255,"Aircraft is landing due to low voltage, which cannot be stopped. You can decelerate the descending speed and avoid obstacles using sticks.",341,"Aircraft is landing due to low voltage, which cannot be stopped. You can decelerate the descending speed and avoid obstacles using sticks."
256,Aircraft is returning to the starting point.,60,Aircraft is returning to the starting point.
257,Aircraft is too far away.,345,Aircraft is too far away.
258,Aircraft not in flight. Vision system and obstacle sensing unavailable (Code: 180059).,219,Aircraft not in flight. Vision system and obstacle sensing unavailable (Code: 180059).
259,Aircraft not linked to phone number. Flight range restricted. Check and link phone number (Code: 3000004).,382,Aircraft not linked to phone number. Flight range restricted. Check and link phone number (Code: 3000004).
260,Aircraft power insufficient. Fly with caution (Code: 30168).,314,Aircraft power insufficient. Fly with caution (Code: 30168).
261,Aircraft processor chip overheated. Power off aircraft and wait for temperature to return to normal (Code: 30136).,51,Aircraft processor chip overheated. Power off aircraft and wait for temperature to return to normal (Code: 30136).
262,Aircraft processor overheated. Automatically returning to home (Code: 30185).,51,Aircraft processor overheated. Automatically returning to home (Code: 30185).
263,Aircraft settings updated to comply with national regulations.,415,Aircraft settings updated to comply with national regulations.
264,Aircraft switched to ATTI mode.,260,Aircraft switched to ATTI mode.
265,Aircraft takeoff altitude error. Restart aircraft (Code: 30235).,275,Aircraft takeoff altitude error. Restart aircraft (Code: 30235).
266,Aircraft too Far. Cannot enter Follow Me Mode.,242,Aircraft too Far. Cannot enter Follow Me Mode.
267,Aircraft unable to return to home automatically. Lower altitude immediately and return to home manually (Code: 120596).,503,Aircraft unable to return to home automatically. Lower altitude immediately and return to home manually (Code: 120596).
268,AirSense communication error. Unable to display nearby manned aircraft and anti-collision warnings. Fly with caution (Code: 30247).,343,AirSense communication error. Unable to display nearby manned aircraft and anti-collision warnings. Fly with caution (Code: 30247).
269,Altitude Less than nnn. Cannot enable Follow Me Mode.,321,Altitude Less than nnn. Cannot enable Follow Me Mode.
270,"Another aircraft is dangerously close, please descend to a safer altitude.",310,"Another aircraft is dangerously close, please descend to a safer altitude."
271,Another aircraft is nearby. Another aircraft is approaching. Descend as soon as possible.,42,Another aircraft is nearby. Another aircraft is approaching. Descend as soon as possible.
272,Another aircraft is nearby. Fly with caution.,54,Another aircraft is nearby. Fly with caution.
273,APAS has been enabled.,250,APAS has been enabled.
274,API Automatic Return Home.,164,API Automatic Return Home.
275,API Automatic Takeoff.,396,API Automatic Takeoff.
276,Approaching a No-Fly Zone. RTH may be affected. Fly with caution.,430,Approaching a No-Fly Zone. RTH may be affected. Fly with caution.
277,Approaching NFZ or pre-set distance limit of (nnn). Revise Flight Route.,267,Approaching NFZ or pre-set distance limit of (nnn). Revise Flight Route.
278,Arrived at destination.,459,Arrived at destination.
279,Arrived at End Point.,403,Arrived at End Point.
280,Arrived at Start Point. Starting Waypoint Mission.,21,Arrived at Start Point. Starting Waypoint Mission.
281,At least two Waypoints are needed.,110,At least two Waypoints are needed.
282,At Least Two Waypoints Required.,110,At Least Two Waypoints Required.
283,Attitude is too large. Backward Obstacle Sensing is not functioning.,160,Attitude is too large. Backward Obstacle Sensing is not functioning.
284,Attitude is too large. Backward obstacle sensing is unavailable.,160,Attitude is too large. Backward obstacle sensing is unavailable.
285,Attitude is too large. Forward Obstacle Sensing is not functioning.,160,Attitude is too large. Forward Obstacle Sensing is not functioning.
286,Attitude is too large. Forward obstacle sensing is unavailable.,160,Attitude is too large. Forward obstacle sensing is unavailable.
287,Auto landing initiated.,77,Auto landing initiated.
288,Backward ambient light too low. Backward obstacle avoidance unavailable. Only infrared sensors available. Fly with caution.,24,Backward ambient light too low. Backward obstacle avoidance unavailable. Only infrared sensors available. Fly with caution.
289,Backward sensor(s) blocked. Obstacle avoidance unavailable. Fly with caution.,294,Backward sensor(s) blocked. Obstacle avoidance unavailable. Fly with caution.
290,Barometer initialization failed. Restart aircraft (Code: 30042).,217,Barometer initialization failed. Restart aircraft (Code: 30042).
291,Barometer initialization failed. Restart aircraft (Code: 30047).,217,Barometer initialization failed. Restart aircraft (Code: 30047).
292,Battery Alert. Battery installation error. Please check the batteries are inserted correctly.,416,Battery Alert. Battery installation error. Please check the batteries are inserted correctly.
293,"Battery cell broken, please replace the battery.",447,"Battery cell broken, please replace the battery."
294,Battery cells undervoltage (Code: 110011).,400,Battery cells undervoltage (Code: 110011).
295,"Battery communication malfunction. Reinstall battery. If the issue persists, replace battery (Code: 110007).",292,"Battery communication malfunction. Reinstall battery. If the issue persists, replace battery (Code: 110007)."
296,Battery error. Aircraft returning to home automatically (Code: 110024).,442,Battery error. Aircraft returning to home automatically (Code: 110024).
297,Battery nnn requires maintenance.,172,Battery nnn requires maintenance.
298,Battery not installed properly. Return to home immediately. Check and re-install battery.,441,Battery not installed properly. Return to home immediately. Check and re-install battery.
299,Battery overheating. Stop flying and wait for battery temperature to return to normal (Code: 110002).,173,Battery overheating. Stop flying and wait for battery temperature to return to normal (Code: 110002).
300,Battery power limit will automatically reduce the aircraft's mobility to ensure flight safety.,301,Battery power limit will automatically reduce the aircraft's mobility to ensure flight safety.
301,Battery power low. Check battery status and charge or warm up battery (Code: 30078).,174,Battery power low. Check battery status and charge or warm up battery (Code: 30078).
302,Battery temperature is below 15 degrees Celsius. Warm up the battery temperature to above 25 degree Celsius to ensure a safe flight.,139,Battery temperature is below 15 degrees Celsius. Warm up the battery temperature to above 25 degree Celsius to ensure a safe flight.
303,Battery Voltage Difference too large. Check Battery Status.,365,Battery Voltage Difference too large. Check Battery Status.
304,Battery: Battery Error. Return home and land soon. View the checklist after landing.,304,Battery: Battery Error. Return home and land soon. View the checklist after landing.
305,Battery: Low Voltage Protection.,277,Battery: Low Voltage Protection.
306,Battery: Overcurrent During Discharge.,268,Battery: Overcurrent During Discharge.
307,Braking now! Return sticks to midpoints first.,7,Braking now! Return sticks to midpoints first.
308,Calibration subject is too close. Recalibrate using a subject that is farther away.,291,Calibration subject is too close. Recalibrate using a subject that is farther away.
309,Calibration target not far away enough. Please calibrate using infinity.,189,Calibration target not far away enough. Please calibrate using infinity.
310,"Camera Error (error code 01). Solution: Restart the aircraft, if the problem persists, contact DJI Support.",187,"Camera Error (error code 01). Solution: Restart the aircraft, if the problem persists, contact DJI Support."
311,Camera error. AI Spot-Check failed. Restart camera.,359,Camera error. AI Spot-Check failed. Restart camera.
312,Camera RCAM not connected. Image quality affected. Contact DJI Support for assistance (Code: 10018).,290,Camera RCAM not connected. Image quality affected. Contact DJI Support for assistance (Code: 10018).
313,Camera sensor error. Hardware malfunction: Contact DJI Support to arrange for repairs.,364,Camera sensor error. Hardware malfunction: Contact DJI Support to arrange for repairs.
314,Camera Settings Adjusted to ActiveTrack.,45,Camera Settings Adjusted to ActiveTrack.
315,Camera storage full.,319,Camera storage full.
316,Cancel Landing Failed.,84,Cancel Landing Failed.
317,Cancel Return-to-Home Failed.,87,Cancel Return-to-Home Failed.
318,Cannot enable Intelligent Flight Mode: Low Battery.,358,Cannot enable Intelligent Flight Mode: Low Battery.
319,Cannot enter ActiveTrack. Ambient Light is too weak.,306,Cannot enter ActiveTrack. Ambient Light is too weak.
320,Cannot enter TapFly Mode: Max Flight Altitude Reached. Adjust in Main Controller Settings if necessary.,339,Cannot enter TapFly Mode: Max Flight Altitude Reached. Adjust in Main Controller Settings if necessary.
321,Cannot exit ActiveTrack.,423,Cannot exit ActiveTrack.
322,Cannot send ActiveTrack command.,434,Cannot send ActiveTrack command.
323,Cannot start Return to Home due to weak GPS signal.,392,Cannot start Return to Home due to weak GPS signal.
324,Cannot start Self-Timer. Exposure time is too long.,362,Cannot start Self-Timer. Exposure time is too long.
325,Cannot takeoff in a no-fly zone.,273,Cannot takeoff in a no-fly zone.
326,Cannot takeoff. Ensure the aircraft battery is properly connected.,369,Cannot takeoff. Ensure the aircraft battery is properly connected.
327,Cannot Track Subject. Cannot Identify Subject.,106,Cannot Track Subject. Cannot Identify Subject.
328,Cannot track subject: Cannot Identify Subject.,106,Cannot track subject: Cannot Identify Subject.
329,Cannot track subject: Forward Obstacle Sensing not Responding.,239,Cannot track subject: Forward Obstacle Sensing not Responding.
330,Cannot track subject: Gimbal Tilt too Large.,281,Cannot track subject: Gimbal Tilt too Large.
331,Cannot track subject: No image. Please retry.,286,Cannot track subject: No image. Please retry.
332,Cannot track subject: Subject too Large. Move Away and retry.,103,Cannot track subject: Subject too Large. Move Away and retry.
333,Cannot track subject: Subject too Small. Get Closer and retry.,544,Cannot track subject: Subject too Small. Get Closer and retry.
334,Capture Failed. Cannot enter Pano mode.,272,Capture Failed. Cannot enter Pano mode.
335,Capture Failed. Distance limit exceeded. Cannot shoot panorama.,545,Capture Failed. Distance limit exceeded. Cannot shoot panorama.
336,Capture Failed. Insufficient storage space. Cannot shoot panorama.,111,Capture Failed. Insufficient storage space. Cannot shoot panorama.
337,Capture Failed. Shooting interrupted.,38,Capture Failed. Shooting interrupted.
338,Capture Failed. Shooting is currently not permitted.,38,Capture Failed. Shooting is currently not permitted.
339,Capture Failed. Stick movement detected. Panorama has stopped.,460,Capture Failed. Stick movement detected. Panorama has stopped.
340,Capture Failed. The gimbal is moving. Cannot shoot panorama.,354,Capture Failed. The gimbal is moving. Cannot shoot panorama.
341,"Check whether propellers are installed correctly. If the propellers are installed correctly and the aircraft still cannot takeoff, a motor error may exist. Contact DJI Support for assistance (Code: 30252).",457,"Check whether propellers are installed correctly. If the propellers are installed correctly and the aircraft still cannot takeoff, a motor error may exist. Contact DJI Support for assistance (Code: 30252)."
342,Color display in Liveview is enhanced. Videos and photos will still be shot in D-Log mode.,248,Color display in Liveview is enhanced. Videos and photos will still be shot in D-Log mode.
343,Compass abnormal. Solution: 1. Ensure there are no magnets or metal objects near the aircraft. The ground or walls may contain metal. Move away from sources of interference before attempting flight. 2. Calibrate Compass Before Takeoff.,426,Compass abnormal. Solution: 1. Ensure there are no magnets or metal objects near the aircraft. The ground or walls may contain metal. Move away from sources of interference before attempting flight. 2. Calibrate Compass Before Takeoff.
344,Compass data error. Please contact DJI Support.,82,Compass data error. Please contact DJI Support.
345,Compass direction is not the same with IMU.,94,Compass direction is not the same with IMU.
346,Compass error. Solution: Move away from ground magnetic interference.,196,Compass error. Solution: Move away from ground magnetic interference.
347,"Compass error, calibration required.",440,"Compass error, calibration required."
348,Compass Error. Compass data error. Please check the Compass installation and interference.,62,Compass Error. Compass data error. Please check the Compass installation and interference.
349,Compass Error. Compass data error. Please contact DJI Support.,82,Compass Error. Compass data error. Please contact DJI Support.
350,Compass Error. Compass data error. Please contact DJI Support. Compass disconnected,82,Compass Error. Compass data error. Please contact DJI Support. Compass disconnected
351,Compass Error. Compass direction is not the same with IMU.,94,Compass Error. Compass direction is not the same with IMU.
352,Compass Error. Compass disconnected.,62,Compass Error. Compass disconnected.
353,Compass Error. Compass error. Solution: Move away from ground magnetic interference.,196,Compass Error. Compass error. Solution: Move away from ground magnetic interference.
354,Compass Error. Compass Error. Compass data error. Please contact DJI Support.,82,Compass Error. Compass Error. Compass data error. Please contact DJI Support.
355,Compass Error. Compass Error. Compass disconnected.,62,Compass Error. Compass Error. Compass disconnected.
356,Compass Error. Compass interference. Please move the aircraft away from potential interference source or calibrate the compass.,238,Compass Error. Compass interference. Please move the aircraft away from potential interference source or calibrate the compass.
357,Compass Error. Compass Redundancy Switch.,19,Compass Error. Compass Redundancy Switch.
358,Compass Error. Exit P-GPS Mode.,11,Compass Error. Exit P-GPS Mode.
359,Compass Error. Magnetic Field Interference. Exit P-GPS Mode.,11,Compass Error. Magnetic Field Interference. Exit P-GPS Mode.
360,Compass Interference. Temp Max Altitude: nnn.,72,Compass Interference. Temp Max Altitude: nnn.
361,Compass Redundancy Switch.,19,Compass Redundancy Switch.
362,Critical low battery voltage (Code: 30035).,80,Critical low battery voltage (Code: 30035).
363,Critically Low Battery. Aircraft Landing.,243,Critically Low Battery. Aircraft Landing.
364,Critically Low Power. Aircraft Landing. Throttle up to reduce the speed of descent and use sticks to avoid obstacles.,356,Critically Low Power. Aircraft Landing. Throttle up to reduce the speed of descent and use sticks to avoid obstacles.
365,Critically Low Voltage. Aircraft will land.,155,Critically Low Voltage. Aircraft will land.
366,CrystalSky is too hot. Cool down the monitor to prevent overheating.,183,CrystalSky is too hot. Cool down the monitor to prevent overheating.
367,Current elevation above nnn (nnn). Fly with caution (Code: 30153).,180,Current elevation above nnn (nnn). Fly with caution (Code: 30153).
368,Descending. Exited Visual Avoidance System.,3,Descending. Exited Visual Avoidance System.
369,Detecting subject.,262,Detecting subject.
370,Distance limit enabled. Fly safely.,446,Distance limit enabled. Fly safely.
371,Downward altitude sensor data error. Please contact DJI Support for help.,338,Downward altitude sensor data error. Please contact DJI Support for help.
372,Downward ambient light too low. Obstacle avoidance unavailable. Fly with caution.,24,Downward ambient light too low. Obstacle avoidance unavailable. Fly with caution.
373,Downward ambient light too low. Obstacle avoidance unavailable. Fly with caution. Backward ambient light too low. Backward obstacle avoidance unavailable. Only infrared sensors available. Fly with caution.,24,Downward ambient light too low. Obstacle avoidance unavailable. Fly with caution. Backward ambient light too low. Backward obstacle avoidance unavailable. Only infrared sensors available. Fly with caution.
374,Downward infrared sensor failure. Land as soon as possible.,308,Downward infrared sensor failure. Land as soon as possible.
375,Downward sensor error. Aircraft unstable at low altitude. Please fly with caution.,132,Downward sensor error. Aircraft unstable at low altitude. Please fly with caution.
376,Downward vision sensor calibration error. Auto calibration in progress (Code: 180003).,492,Downward vision sensor calibration error. Auto calibration in progress (Code: 180003).
377,Drag a box around or tap a target on screen. Then tap Go.,293,Drag a box around or tap a target on screen. Then tap Go.
378,Ensure control sticks are centered during takeoff (Code: 30138).,264,Ensure control sticks are centered during takeoff (Code: 30138).
379,Entered Cruise Control mode. Press C1 or C2 to exit.,199,Entered Cruise Control mode. Press C1 or C2 to exit.
380,Error: Course angle control error. Please ensure the propellers are installed on the correct motors.,216,Error: Course angle control error. Please ensure the propellers are installed on the correct motors.
381,Excessive gimbal vibration. Check whether gimbal can rotate freely (Code: 40004).,28,Excessive gimbal vibration. Check whether gimbal can rotate freely (Code: 40004).
382,Executing waypoint mission.,386,Executing waypoint mission.
383,Exited Cruise Control mode.,322,Exited Cruise Control mode.
384,Exited Hyperlapse mode.,333,Exited Hyperlapse mode.
385,Extra payload detected. Max altitude and distance set. Fly with caution (Code: 30232).,546,Extra payload detected. Max altitude and distance set. Fly with caution (Code: 30232).
386,Extra payload detected. Return aircraft to an area nearby the home point promptly and fly in a wind-free environment to ensure flight safety (Code: 30232).,67,Extra payload detected. Return aircraft to an area nearby the home point promptly and fly in a wind-free environment to ensure flight safety (Code: 30232).
387,Failed to cancel Return to Home.,87,Failed to cancel Return to Home.
388,Failed to lower or pack up landing gear. Take care of your gimbal when landing.,221,Failed to lower or pack up landing gear. Take care of your gimbal when landing.
389,Failed to take off. Check the USB connection with aircraft. Contact DJI Support if this error persists after restarting.,167,Failed to take off. Check the USB connection with aircraft. Contact DJI Support if this error persists after restarting.
390,Flight altitude exceeds nnn. May violate local policies and regulations. Ensure you have obtained proper airspace authorization.,185,Flight altitude exceeds nnn. May violate local policies and regulations. Ensure you have obtained proper airspace authorization.
391,"Flight control mode error, cannot start recording QuickShot.",168,"Flight control mode error, cannot start recording QuickShot."
392,Flight distance may exceed line-of-sight. Fly with caution.,313,Flight distance may exceed line-of-sight. Fly with caution.
393,Flight height too low.,138,Flight height too low.
394,Flight mode configuration: A/P/S. Current flight mode: RTK.,276,Flight mode configuration: A/P/S. Current flight mode: RTK.
395,Fly with caution. Compass abnormal. Solution: 1. Ensure there are no magnets or metal objects near the aircraft. The ground or walls may contain metal. Move away from sources of interference before attempting flight.,426,Fly with caution. Compass abnormal. Solution: 1. Ensure there are no magnets or metal objects near the aircraft. The ground or walls may contain metal. Move away from sources of interference before attempting flight.
396,Forward vision sensor calibration error. Auto calibration in progress (Code: 180001).,320,Forward vision sensor calibration error. Auto calibration in progress (Code: 180001).
397,Forward vision sensor error. Contact DJI Support for assistance (Code: 180018).,39,Forward vision sensor error. Contact DJI Support for assistance (Code: 180018).
398,GEO Zone Info: The target area is in an Altitude Zone. Flight altitude restricted to nnn.,299,GEO Zone Info: The target area is in an Altitude Zone. Flight altitude restricted to nnn.
399,Gimbal calibrating (Code: 30217).,150,Gimbal calibrating (Code: 30217).
400,Gimbal motor overloaded. Check whether gimbal can rotate freely (Code: 40003).,547,Gimbal motor overloaded. Check whether gimbal can rotate freely (Code: 40003).
401,Gimbal Roll Limit Reached.,384,Gimbal Roll Limit Reached.
402,Gimbal stuck. Check whether gimbal lock is removed and ensure gimbal can rotate freely (Code: 40002).,104,Gimbal stuck. Check whether gimbal lock is removed and ensure gimbal can rotate freely (Code: 40002).
403,GPS module error. Restart aircraft (Code: 30049).,342,GPS module error. Restart aircraft (Code: 30049).
404,GPS signal low. Aircraft unable to auto hover and takeoff restricted. Move to environment with adequate light. Unlocking takeoff restrictions not recommended (Code: 30239).,357,GPS signal low. Aircraft unable to auto hover and takeoff restricted. Move to environment with adequate light. Unlocking takeoff restrictions not recommended (Code: 30239).
405,GPS signal weak. Fly with caution. Aircraft in Altitude Zone. Max altitude set to nnn (Code: 30014).,378,GPS signal weak. Fly with caution. Aircraft in Altitude Zone. Max altitude set to nnn (Code: 30014).
406,Gyroscope initialization failed. Restart aircraft (Code: 30045).,355,Gyroscope initialization failed. Restart aircraft (Code: 30045).
407,"High-altitude flight, aircraft braking distance is extended, flight time is shortened. Fly with caution (Code: 30238).",55,"High-altitude flight, aircraft braking distance is extended, flight time is shortened. Fly with caution (Code: 30238)."
408,Home point updated.,166,Home point updated.
409,Impact detected. Aircraft stopped. Restart aircraft (Code: 30236).,13,Impact detected. Aircraft stopped. Restart aircraft (Code: 30236).
410,IMU attitude restricted. Ensure aircraft is level (Code: 30082).,220,IMU attitude restricted. Ensure aircraft is level (Code: 30082).
411,IMU calibration required. Calibrate IMU (Code: 30050).,100,IMU calibration required. Calibrate IMU (Code: 30050).
412,IMU not calibrated. Calibrate IMU (Code: 30055).,100,IMU not calibrated. Calibrate IMU (Code: 30055).
413,IMU warming up. Wait before taking off (Code: 30072).,190,IMU warming up. Wait before taking off (Code: 30072).
414,Incompatible firmware version. Go to Profile > Settings to update firmware (Code: 30224).,251,Incompatible firmware version. Go to Profile > Settings to update firmware (Code: 30224).
415,Landing Protection Activated. Aircraft will decelerate during landing.,258,Landing Protection Activated. Aircraft will decelerate during landing.
416,Lighting environment too dark. Vision System unavailable. Fly with caution (Code: 180037).,14,Lighting environment too dark. Vision System unavailable. Fly with caution (Code: 180037).
417,Live stream video frame rate less than 9Hz. Fly with caution.,271,Live stream video frame rate less than 9Hz. Fly with caution.
418,Loading database failed. Geo-awareness function degraded (Code: 1B070002).,147,Loading database failed. Geo-awareness function degraded (Code: 1B070002).
419,Low battery. Recharge promptly (Code: 30079).,548,Low battery. Recharge promptly (Code: 30079).
420,Manned aircraft too close. Fly at a safe altitude (Code: 30181).,35,Manned aircraft too close. Fly at a safe altitude (Code: 30181).
421,Min Waypoint Distance: nnn (nnn).,257,Min Waypoint Distance: nnn (nnn).
422,Mobile device CPU fully loaded. Related performance will be affected.,137,Mobile device CPU fully loaded. Related performance will be affected.
423,Motor is idling (lost or missing propeller).,467,Motor is idling (lost or missing propeller).
424,Motor nnn propeller detached or installed incorrectly (0x16080029).,427,Motor nnn propeller detached or installed incorrectly (0x16080029).
425,Motor Obstructed. Propulsion output is limited to ensure the health of the battery.,468,Motor Obstructed. Propulsion output is limited to ensure the health of the battery.
426,"Motor speed error. Land or return to home promptly. After powering off the aircraft, replace the propeller on the beeping ESC. If the issue persists, contact DJI Support (Code: 30246).",107,"Motor speed error. Land or return to home promptly. After powering off the aircraft, replace the propeller on the beeping ESC. If the issue persists, contact DJI Support (Code: 30246)."
427,Motors Started.,549,Motors Started.
428,Navigation system error. Restart aircraft (Code: 35008).,449,Navigation system error. Restart aircraft (Code: 35008).
429,Navigation system error. Restart aircraft (Code: 35009).,449,Navigation system error. Restart aircraft (Code: 35009).
430,Navigation system error. Restart aircraft (Code: 35014).,449,Navigation system error. Restart aircraft (Code: 35014).
431,Navigation system error. Restart aircraft (Code: 35015).,449,Navigation system error. Restart aircraft (Code: 35015).
432,Navigation system error. Restart aircraft (Code: 35024).,449,Navigation system error. Restart aircraft (Code: 35024).
433,Navigation system error. Restart aircraft (Code: 35061).,449,Navigation system error. Restart aircraft (Code: 35061).
434,Navigation system error. Restart aircraft (Code: 35103).,449,Navigation system error. Restart aircraft (Code: 35103).
435,Navigation system error. Restart aircraft (Code: 35104).,449,Navigation system error. Restart aircraft (Code: 35104).
436,Navigation system error. Restart aircraft (Code: 35112).,449,Navigation system error. Restart aircraft (Code: 35112).
437,Navigation system error. Restart aircraft (Code: 35123).,449,Navigation system error. Restart aircraft (Code: 35123).
438,Navigation system error. Restart aircraft (Code: 35147).,449,Navigation system error. Restart aircraft (Code: 35147).
439,Navigation system error. Restart aircraft (Code: 35149).,449,Navigation system error. Restart aircraft (Code: 35149).
440,No GPS signal. Aircraft unable to hover. Fly with caution (Code: 30008).,129,No GPS signal. Aircraft unable to hover. Fly with caution (Code: 30008).
441,No GPS signal. Unable to hover. Fly with caution (Code: 30007).,129,No GPS signal. Unable to hover. Fly with caution (Code: 30007).
442,No GPS signal. Unable to take off. Move to an open area or exit flight tutorial (Code: 30065).,236,No GPS signal. Unable to take off. Move to an open area or exit flight tutorial (Code: 30065).
443,No GPS. Return to Home failed. Return the aircraft to home manually (Code: 60016).,383,No GPS. Return to Home failed. Return the aircraft to home manually (Code: 60016).
444,"Not Allowed to change Aircraft Mode. If needed, enable it in Main Controller Settings.",32,"Not Allowed to change Aircraft Mode. If needed, enable it in Main Controller Settings."
445,Payload mode enabled. Max altitude and distance set. Fly with caution (Code: 30230).,105,Payload mode enabled. Max altitude and distance set. Fly with caution (Code: 30230).
446,Payload mode enabled. Max altitude set to nnn and max distance set to nnn to ensure flight safety (Code: 30230).,102,Payload mode enabled. Max altitude set to nnn and max distance set to nnn to ensure flight safety (Code: 30230).
447,Payload mode enabled. Return the aircraft to an area nearby the home point promptly to ensure flight safety (Code: 30229).,227,Payload mode enabled. Return the aircraft to an area nearby the home point promptly to ensure flight safety (Code: 30229).
448,Propeller guard or extra payload detected. Flight performance will be affected. Fly with caution.,502,Propeller guard or extra payload detected. Flight performance will be affected. Fly with caution.
449,Propeller rotating too fast. Wind resistance affected. Return to home and land promptly. Check whether propeller on beeping ESC is warped or damaged (Code: 30246).,388,Propeller rotating too fast. Wind resistance affected. Return to home and land promptly. Check whether propeller on beeping ESC is warped or damaged (Code: 30246).
450,Recharge promptly (Code: 120732).,195,Recharge promptly (Code: 120732).
451,Remote Controller Right Dial Locked. Lightly press it to adjust.,421,Remote Controller Right Dial Locked. Lightly press it to adjust.
452,Remote ID error. Connect to network to obtain mobile device location. Flying without broadcasting required remote ID messages may violate local regulations (Code: 1B080001).,425,Remote ID error. Connect to network to obtain mobile device location. Flying without broadcasting required remote ID messages may violate local regulations (Code: 1B080001).
453,Remote ID error. Connect to network to obtain mobile device location. Flying without broadcasting required remote ID messages may violate local regulations (Code: 30334).,425,Remote ID error. Connect to network to obtain mobile device location. Flying without broadcasting required remote ID messages may violate local regulations (Code: 30334).
454,Remote ID error. Contact DJI Support (Code: 1B080002).,128,Remote ID error. Contact DJI Support (Code: 1B080002).
455,Restart aircraft (Code: 35nnn).,374,Restart aircraft (Code: 35nnn).
456,Restart aircraft and DJI Fly (Code: 30226).,135,Restart aircraft and DJI Fly (Code: 30226).
457,RTH Altitude: nnn.,36,RTH Altitude: nnn.
458,RTK Base Station Data Not Received.,424,RTK Base Station Data Not Received.
459,RTK Base Station Data Not Received. Please make sure base station antenna is connected to the correct port.,424,RTK Base Station Data Not Received. Please make sure base station antenna is connected to the correct port.
460,Running Flight Simulator. Restart aircraft to take off (Code: 30086).,315,Running Flight Simulator. Restart aircraft to take off (Code: 30086).
461,SD card speed low. Change card (Code: 10028).,171,SD card speed low. Change card (Code: 10028).
462,"Sprayer turned OFF, spray rate was nnn liters/min.",1,"Sprayer turned OFF, spray rate was nnn liters/min."
463,"Sprayer turned OFF, sprayed nnn at nnn liters/min.",1,"Sprayer turned OFF, sprayed nnn at nnn liters/min."
464,Sprayer turned ON.,240,Sprayer turned ON.
465,Strong Interference to Aircraft. Signal interruption may be more likely. Fly with caution.,428,Strong Interference to Aircraft. Signal interruption may be more likely. Fly with caution.
466,Strong wind warning. Aircraft unable to fly stably. Lower altitude immediately and manually return to home (Code: 30149).,503,Strong wind warning. Aircraft unable to fly stably. Lower altitude immediately and manually return to home (Code: 30149).
467,Strong wind warning. Aircraft unable to return to home automatically. Lower altitude immediately and return to home manually (Code: 120596).,503,Strong wind warning. Aircraft unable to return to home automatically. Lower altitude immediately and return to home manually (Code: 120596).
468,Strong wind. Fly with caution (Code: 30149).,141,Strong wind. Fly with caution (Code: 30149).
469,Switched to gimbal free mode. Use the RC to control aircraft yaw.,184,Switched to gimbal free mode. Use the RC to control aircraft yaw.
470,TapFly Flight Ended. Landing Gear Lowered.,493,TapFly Flight Ended. Landing Gear Lowered.
471,Target lost. QuickShots stopped (Code: 800018).,398,Target lost. QuickShots stopped (Code: 800018).
472,Total sprayed: nnn L / gal. nnn / acres nnn / gal. per acre.,228,Total sprayed: nnn L / gal. nnn / acres nnn / gal. per acre.
473,Unable to take off (code: 110) (Code: 30064).,191,Unable to take off (code: 110) (Code: 30064).
474,Unable to take off (code: 12) (Code: 30064).,191,Unable to take off (code: 12) (Code: 30064).
475,Unable to take off (code: 15) (Code: 30064).,191,Unable to take off (code: 15) (Code: 30064).
476,Unknown error (code: 110). Cannot takeoff. Contact DJI support.,37,Unknown error (code: 110). Cannot takeoff. Contact DJI support.
477,"Unknown Error (code: 57), Cannot Takeoff. Contact DJI support.",37,"Unknown Error (code: 57), Cannot Takeoff. Contact DJI support."
478,Vision sensor error. Contact DJI Support for assistance (Code: 180031).,39,Vision sensor error. Contact DJI Support for assistance (Code: 180031).
479,Visual positioning inaccurate. Fly with caution (Code: 180032).,353,Visual positioning inaccurate. Fly with caution (Code: 180032).
480,Warning: Critically low battery. Please change the battery.,244,Warning: Critically low battery. Please change the battery.
481,Warning: Aircraft is less than nnn (minimum) away from the object below.,237,Warning: Aircraft is less than nnn (minimum) away from the object below.
482,Warning: Command Timeout.,245,Warning: Command Timeout.
483,Warning: Motor Overloaded. Aircraft will decelerate to ensure safety.,85,Warning: Motor Overloaded. Aircraft will decelerate to ensure safety.
484,Waypoint Mission Paused.,550,Waypoint Mission Paused.
485,Waypoint Mission Resumed.,20,Waypoint Mission Resumed.
486,Waypoint Mission Start.,21,Waypoint Mission Start.
487,Your aircraft is at the boundary of an Altitude Zone. Please fly away or land with caution.,504,Your aircraft is at the boundary of an Altitude Zone. Please fly away or land with caution.
488,"Detected forward shock, possible collision. Aircraft is pitching sharply backward.",387,"Detected forward shock, possible collision. Aircraft is pitching sharply backward."
489,"Detected backward shock, possible collision. Aircraft is pitching sharply forward.",551,"Detected backward shock, possible collision. Aircraft is pitching sharply forward."
490,"Detected side shock, possible collision. Aircraft is rolling sharply right.",175,"Detected side shock, possible collision. Aircraft is rolling sharply right."
491,"Detected side shock, possible collision. Aircraft is rolling sharply left.",175,"Detected side shock, possible collision. Aircraft is rolling sharply left."
492,Detected forward shock. Aircraft is pitching sharply backward.,387,Detected forward shock. Aircraft is pitching sharply backward.
493,"Exit Backward Obstacle Sensing system, Ambient Light is too weak.",5,"Exit Backward Obstacle Sensing system, Ambient Light is too weak."
494,"Exit Forward Obstacle Sensing system, Ambient Light is too weak.",5,"Exit Forward Obstacle Sensing system, Ambient Light is too weak."
495,"Exit Downward Obstacle Sensing system, Ambient Light is too weak.",5,"Exit Downward Obstacle Sensing system, Ambient Light is too weak."
496,"Exit Upward Obstacle Sensing system, Ambient Light is too weak.",5,"Exit Upward Obstacle Sensing system, Ambient Light is too weak."
497,Flight Mode Set to Attitude. Set the Flight Mode to P-mode to ensure flight safety.,123,Flight Mode Set to Attitude. Set the Flight Mode to P-mode to ensure flight safety.
498,Flight Mode Set to Atti. Set the Flight Mode to P-mode to ensure flight safety.,63,Flight Mode Set to Atti. Set the Flight Mode to P-mode to ensure flight safety.
499,Flight Mode Set to Attitude. Set the Flight Mode to GPS to ensure flight safety.,123,Flight Mode Set to Attitude. Set the Flight Mode to GPS to ensure flight safety.
500,Flight Mode Set to Atti. Set the Flight Mode to GPS to ensure flight safety.,63,Flight Mode Set to Atti. Set the Flight Mode to GPS to ensure flight safety.
501,"Ambient Light too Weak, Vision Positioning is unavailable. please ensure safety during the flight.",52,"Ambient Light too Weak, Vision Positioning is unavailable. please ensure safety during the flight."
502,"Ambient Light too Weak, obstacle sensing is unavailable. please ensure safety during the flight.",52,"Ambient Light too Weak, obstacle sensing is unavailable. please ensure safety during the flight."
503,"Ambient Light too Weak, Backward obstacle sensing is unavailable. please ensure safety during the flight.",52,"Ambient Light too Weak, Backward obstacle sensing is unavailable. please ensure safety during the flight."
504,"Ambient Light too Weak, Vision Positioning is unavailable. please ensure safety during the flight.",52,"Ambient Light too Weak, Vision Positioning is unavailable. please ensure safety during the flight."
505,"Ambient Light too Weak, Forward obstacle sensing is unavailable. please ensure safety during the flight.",52,"Ambient Light too Weak, Forward obstacle sensing is unavailable. please ensure safety during the flight."
506,Taking Off.,162,Taking Off.
507,Taking Off.,162,Taking Off.
508,Taking Off.,162,Taking Off.
509,Taking Off.,162,Taking Off.
510,Home Point Recorded. RTH Altitude : 30m.,12,Home Point Recorded. RTH Altitude : 30m.
511,Home Point Recorded. RTH Altitude : 30m.,12,Home Point Recorded. RTH Altitude : 30m.
512,Camera Settings Adjusted to ActiveTrack,45,Camera Settings Adjusted to ActiveTrack
513,Your palm is too far away from the aircraft. Please step closer.,552,Your palm is too far away from the aircraft. Please step closer.
514,Your palm is too far away from the aircraft. Please step closer.,552,Your palm is too far away from the aircraft. Please step closer.
515,Your palm is too close to the aircraft. Please step farther away.,140,Your palm is too close to the aircraft. Please step farther away.
516,PalmControl in Process,279,PalmControl in Process
517,PalmControl in Process,279,PalmControl in Process
518,Your palm is too close to the aircraft. Please step farther away.,140,Your palm is too close to the aircraft. Please step farther away.
519,Your palm is too far away from the aircraft. Please step closer.,552,Your palm is too far away from the aircraft. Please step closer.
520,Your palm is too close to the aircraft. Please step farther away.,140,Your palm is too close to the aircraft. Please step farther away.
521,PalmControl in Process,279,PalmControl in Process
522,PalmControl in Process,279,PalmControl in Process
523,PalmControl in Process,279,PalmControl in Process
524,PalmControl in Process,279,PalmControl in Process
525,Camera Settings Adjusted to ActiveTrack,45,Camera Settings Adjusted to ActiveTrack
526,Drag a box around or tap a target on screen. Then tap Go.,293,Drag a box around or tap a target on screen. Then tap Go.
527,Camera Settings Adjusted to ActiveTrack,45,Camera Settings Adjusted to ActiveTrack
528,Drag a box around or tap a target on screen. Then tap Go.,293,Drag a box around or tap a target on screen. Then tap Go.
529,Cannot Identify Subject,223,Cannot Identify Subject
530,Taking Off.,162,Taking Off.
531,Taking Off.,162,Taking Off.
532,Compass Interference. Temp Max Altitude : 98ft,72,Compass Interference. Temp Max Altitude : 98ft
533,Taking Off.,162,Taking Off.
534,Taking Off.,162,Taking Off.
535,Taking Off.,162,Taking Off.
536,Taking Off.,162,Taking Off.
537,Taking Off.,162,Taking Off.
538,Taking Off.,162,Taking Off.
539,Home Point Recorded. RTH Altitude : 30m.,12,Home Point Recorded. RTH Altitude : 30m.
540,Home Point Recorded. RTH Altitude : 30m.,12,Home Point Recorded. RTH Altitude : 30m.
541,Obstacle Avoidance will be disabled in landing.,444,Obstacle Avoidance will be disabled in landing.
542,Taking Off.,162,Taking Off.
543,Taking Off.,162,Taking Off.
544,Home Point Recorded. RTH Altitude : 30m.,12,Home Point Recorded. RTH Altitude : 30m.
545,Obstacle Avoided. Revise Flight Route,122,Obstacle Avoided. Revise Flight Route
546,Take off and retry this function.,494,Take off and retry this function.
547,"Aircraft is in Attitude mode, so that it will not hover. Please fly with caution.",265,"Aircraft is in Attitude mode, so that it will not hover. Please fly with caution."
548,"Aircraft is in Attitude mode, so that it will not hover. Please fly with caution.",265,"Aircraft is in Attitude mode, so that it will not hover. Please fly with caution."
549,"Aircraft is in Attitude mode, so that it will not hover. Please fly with caution.",265,"Aircraft is in Attitude mode, so that it will not hover. Please fly with caution."
550,"Aircraft is in Attitude mode, so that it will not hover. Please fly with caution.",265,"Aircraft is in Attitude mode, so that it will not hover. Please fly with caution."
551,Battery temperature is below 15 degrees Celsius. Warm up the battery temperature to above 25 degree Celsius to ensure a safe flight.,139,Battery temperature is below 15 degrees Celsius. Warm up the battery temperature to above 25 degree Celsius to ensure a safe flight.
552,Return-to-Home Altitude : 65FT,95,Return-to-Home Altitude : 65FT
553,Taking Off.,162,Taking Off.
554,Landing Gear Raising.,508,Landing Gear Raising.
555,Landing Gear Raised.,124,Landing Gear Raised.
556,Landing.,280,Landing.
557,Landing Gear Lowering.,507,Landing Gear Lowering.
558,Landing Gear Lowered.,146,Landing Gear Lowered.
559,Data Recorder File Index is 13.,109,Data Recorder File Index is 13.
560,Battery temperature is below 15 degrees Celsius. Warm up the battery temperature to above 25 degree Celsius to ensure a safe flight.,139,Battery temperature is below 15 degrees Celsius. Warm up the battery temperature to above 25 degree Celsius to ensure a safe flight.
561,RTH Altitude : 65FT.,115,RTH Altitude : 65FT.
562,Taking off.,162,Taking off.
563,Landing Gear Raising.,508,Landing Gear Raising.
564,Landing Gear Raised.,124,Landing Gear Raised.
565,Landing.,280,Landing.
566,Landing Gear Lowering.,507,Landing Gear Lowering.
567,Landing Gear Lowered.,146,Landing Gear Lowered.
568,"Aircraft is in Attitude mode, so that it will not hover. Please fly with caution.",265,"Aircraft is in Attitude mode, so that it will not hover. Please fly with caution."
569,Home Point Recorded.,57,Home Point Recorded.
570,Home Point Recorded.,57,Home Point Recorded.
571,Return-to-Home Altitude : 65FT,95,Return-to-Home Altitude : 65FT
572,Landing Gear Raising.,508,Landing Gear Raising.
573,Landing Gear Raised.,124,Landing Gear Raised.
574,Landing Gear Lowering.,507,Landing Gear Lowering.
575,Landing Gear Lowered.,146,Landing Gear Lowered.
576,Landing Gear Raising.,508,Landing Gear Raising.
577,Landing Gear Paused.,210,Landing Gear Paused.
578,"Aircraft is in Attitude mode, so that it will not hover. Please fly with caution.",265,"Aircraft is in Attitude mode, so that it will not hover. Please fly with caution."
579,Data Recorder File Index is 21.,109,Data Recorder File Index is 21.
580,Home Point Recorded.,57,Home Point Recorded.
581,Home Point Updated.,166,Home Point Updated.
582,RTH Altitude : 65FT.,115,RTH Altitude : 65FT.
583,Landing Gear Raising.,508,Landing Gear Raising.
584,Landing Gear Raised.,124,Landing Gear Raised.
585,Downlink Lost.,120,Downlink Lost.
586,Landing Gear Lowering.,507,Landing Gear Lowering.
587,Landing Gear Lowered.,146,Landing Gear Lowered.
588,"Aircraft is in Attitude mode, so that it will not hover. Please fly with caution.",265,"Aircraft is in Attitude mode, so that it will not hover. Please fly with caution."
589,Home Point Recorded.,57,Home Point Recorded.
590,Home Point Recorded.,57,Home Point Recorded.
591,Landing Gear Raising.,508,Landing Gear Raising.
592,Landing Gear Raised.,124,Landing Gear Raised.
593,Landing Gear Lowering.,507,Landing Gear Lowering.
594,Landing Gear Lowered.,146,Landing Gear Lowered.
595,Landing Gear Raising.,508,Landing Gear Raising.
596,Landing Gear Paused.,210,Landing Gear Paused.
597,"Aircraft is in Attitude mode, so that it will not hover. Please fly with caution.",265,"Aircraft is in Attitude mode, so that it will not hover. Please fly with caution."
598,Landing Gear Raising.,508,Landing Gear Raising.
599,Landing Gear Raised.,124,Landing Gear Raised.
600,Command Timeout,119,Command Timeout
601,Low Power. Aircraft is returning to the Home Point.,133,Low Power. Aircraft is returning to the Home Point.
602,Low Power. Aircraft is returning to the Home Point.,133,Low Power. Aircraft is returning to the Home Point.
603,Landing Gear Lowering.,507,Landing Gear Lowering.
604,Landing Gear Lowered.,146,Landing Gear Lowered.
605,Landing Gear Raising.,508,Landing Gear Raising.
606,Landing Gear Raised.,124,Landing Gear Raised.
607,Command Timeout,119,Command Timeout
608,Low Power. Aircraft is returning to the Home Point.,133,Low Power. Aircraft is returning to the Home Point.
609,Low Power. Aircraft is returning to the Home Point.,133,Low Power. Aircraft is returning to the Home Point.
610,Landing Gear Lowering.,507,Landing Gear Lowering.
611,Landing Gear Lowered.,146,Landing Gear Lowered.
612,Data Recorder File Index is 8.,109,Data Recorder File Index is 8.
613,Home Point Updated.,166,Home Point Updated.
614,Exited Visual Avoidance System.,3,Exited Visual Avoidance System.
615,Motors Started.,549,Motors Started.
616,Landing Gear Raising.,508,Landing Gear Raising.
617,Landing Gear Raised.,124,Landing Gear Raised.
618,Aircraft is returning to the Home Point. Minimum RTH Altitude is 30m. You can reset the RTH Altitude in Remote Controller Settings after cancelling RTH if necessary.,74,Aircraft is returning to the Home Point. Minimum RTH Altitude is 30m. You can reset the RTH Altitude in Remote Controller Settings after cancelling RTH if necessary.
619,Landing Gear Lowering.,507,Landing Gear Lowering.
620,Landing Gear Lowered.,146,Landing Gear Lowered.
621,Strong wireless interference. Please fly with caution. Obstacle Avoidance Disabled. Landing gear lowered. Obstacle Avoidance Disabled.,418,Strong wireless interference. Please fly with caution. Obstacle Avoidance Disabled. Landing gear lowered. Obstacle Avoidance Disabled.
622,GPS Position Mismatch.,188,GPS Position Mismatch.
623,GPS Position Mismatch.,188,GPS Position Mismatch.
624,GPS Position Mismatch.,188,GPS Position Mismatch.
625,GPS Position Mismatch.,188,GPS Position Mismatch.
626,GPS Position Mismatch.,188,GPS Position Mismatch.
627,GPS Position Mismatch.,188,GPS Position Mismatch.
628,GPS Position Mismatch.,188,GPS Position Mismatch.
629,GPS Position Mismatch.,188,GPS Position Mismatch.
630,GPS Position Mismatch.,188,GPS Position Mismatch.
631,GPS Position Mismatch.,188,GPS Position Mismatch.
632,GPS Position Mismatch.,188,GPS Position Mismatch.
633,GPS Position Mismatch.,188,GPS Position Mismatch.
634,GPS Position Mismatch.,188,GPS Position Mismatch.
635,GPS Position Mismatch.,188,GPS Position Mismatch.
636,GPS Position Mismatch.,188,GPS Position Mismatch.
637,GPS Position Mismatch.,188,GPS Position Mismatch.
638,GPS Position Mismatch.,188,GPS Position Mismatch.
639,GPS Position Mismatch.,188,GPS Position Mismatch.
640,GPS Position Mismatch.,188,GPS Position Mismatch.
641,GPS Position Mismatch.,188,GPS Position Mismatch.
642,GPS Position Mismatch.,188,GPS Position Mismatch.
643,GPS Position Mismatch.,188,GPS Position Mismatch.
644,GPS Position Mismatch.,188,GPS Position Mismatch.
645,GPS Position Mismatch.,188,GPS Position Mismatch.
646,GPS Position Mismatch.,188,GPS Position Mismatch.
647,GPS Position Mismatch.,188,GPS Position Mismatch.
648,GPS Position Mismatch.,188,GPS Position Mismatch.
649,GPS Position Mismatch.,188,GPS Position Mismatch.
650,GPS Position Mismatch.,188,GPS Position Mismatch.
651,GPS Position Mismatch.,188,GPS Position Mismatch.
652,GPS Position Mismatch.,188,GPS Position Mismatch.
653,GPS Position Mismatch.,188,GPS Position Mismatch.
654,Strong wireless interference. Please fly with caution.,445,Strong wireless interference. Please fly with caution.
655,GPS Position Mismatch.,188,GPS Position Mismatch.
656,GPS Position Mismatch.,188,GPS Position Mismatch.
657,GPS Position Mismatch.,188,GPS Position Mismatch.
658,GPS Position Mismatch.,188,GPS Position Mismatch.
659,GPS Position Mismatch.,188,GPS Position Mismatch.
660,GPS Position Mismatch.,188,GPS Position Mismatch.
661,GPS Position Mismatch.,188,GPS Position Mismatch.
662,GPS Position Mismatch.,188,GPS Position Mismatch.
663,Strong wireless interference. Please fly with caution.,445,Strong wireless interference. Please fly with caution.
664,Obstacle Avoidance Disabled. Landing gear lowered. Obstacle Avoidance Disabled.,89,Obstacle Avoidance Disabled. Landing gear lowered. Obstacle Avoidance Disabled.
665,Data Recorder File Index is 8.,109,Data Recorder File Index is 8.
666,Obstacle Avoidance Disabled. Landing gear lowered. Obstacle Avoidance Disabled.,89,Obstacle Avoidance Disabled. Landing gear lowered. Obstacle Avoidance Disabled.
667,Strong wireless interference. Please fly with caution.,445,Strong wireless interference. Please fly with caution.
668,Strong wireless interference. Please fly with caution.,445,Strong wireless interference. Please fly with caution.
669,Obstacle Avoidance Disabled.,149,Obstacle Avoidance Disabled.
670,Landing gear lowered. Obstacle Avoidance Disabled.,89,Landing gear lowered. Obstacle Avoidance Disabled.
671,Landing Gear Raising.,508,Landing Gear Raising.
672,Landing Gear Raised.,124,Landing Gear Raised.
673,Motors Started.,549,Motors Started.
674,Strong wireless interference. Please fly with caution.,445,Strong wireless interference. Please fly with caution.
675,Strong wireless interference. Please fly with caution.,445,Strong wireless interference. Please fly with caution.
676,Landing Gear Lowering.,507,Landing Gear Lowering.
677,Landing Gear Lowered.,146,Landing Gear Lowered.
678,Home Point Recorded. RTH Altitude : 30m.,12,Home Point Recorded. RTH Altitude : 30m.
679,Landing gear lowered. Obstacle Avoidance Disabled.,89,Landing gear lowered. Obstacle Avoidance Disabled.
680,Aircraft is returning to the Home Point. Minimum RTH Altitude is 30m. You can reset the RTH Altitude in Remote Controller Settings after cancelling RTH.,74,Aircraft is returning to the Home Point. Minimum RTH Altitude is 30m. You can reset the RTH Altitude in Remote Controller Settings after cancelling RTH.
681,Obstacle Avoidance will be disabled in landing.,444,Obstacle Avoidance will be disabled in landing.
682,Landing gear lowered. Obstacle Avoidance Disabled.,89,Landing gear lowered. Obstacle Avoidance Disabled.
683,Landing Protection Activated. Aircraft will decelerate during landing.,258,Landing Protection Activated. Aircraft will decelerate during landing.
684,Ground Plain. Safe to Land.,145,Ground Plain. Safe to Land.
685,Taking Off.,162,Taking Off.
686,Taking Off.,162,Taking Off.
687,Home Point Recorded. RTH Altitude : 30m.,12,Home Point Recorded. RTH Altitude : 30m.
688,Fly with caution and ensure the aircraft remains within your line of sight.,360,Fly with caution and ensure the aircraft remains within your line of sight.
689,Fly with caution and ensure the aircraft remains within your line of sight.,360,Fly with caution and ensure the aircraft remains within your line of sight.
690,Image Transmission Recovered. Aircraft is returning home.,10,Image Transmission Recovered. Aircraft is returning home.
691,Obstacle Avoidance will be disabled in landing.,444,Obstacle Avoidance will be disabled in landing.
692,Landing gear lowered. Obstacle Avoidance Disabled.,89,Landing gear lowered. Obstacle Avoidance Disabled.
693,Landing Protection Activated. Aircraft will decelerate during landing.,258,Landing Protection Activated. Aircraft will decelerate during landing.
694,Ground Plain. Safe to Land.,145,Ground Plain. Safe to Land.
695,Strong wireless interference. Please fly with caution.,445,Strong wireless interference. Please fly with caution.
696,Strong wireless interference. Please fly with caution.,445,Strong wireless interference. Please fly with caution.
697,Motors Started.,549,Motors Started.
698,Obstacle Avoidance Disabled.,149,Obstacle Avoidance Disabled.
699,Landing gear lowered. Obstacle Avoidance Disabled.,89,Landing gear lowered. Obstacle Avoidance Disabled.
700,Landing Gear Raising.,508,Landing Gear Raising.
701,"Home Point Recorded, Return-to-Home Altitude : 98FT",12,"Home Point Recorded, Return-to-Home Altitude : 98FT"
702,Landing Gear Raised.,124,Landing Gear Raised.
703,Strong wireless interference. Please fly with caution.,445,Strong wireless interference. Please fly with caution.
704,Strong wireless interference. Please fly with caution.,445,Strong wireless interference. Please fly with caution.
705,Large Wind Velocity. Fly with caution.,108,Large Wind Velocity. Fly with caution.
706,Large Wind Velocity. Fly with caution.,108,Large Wind Velocity. Fly with caution.
707,Large Wind Velocity. Fly with caution.,108,Large Wind Velocity. Fly with caution.
708,Magnetic Filed Interference. Exit P-GPS Mode,501,Magnetic Filed Interference. Exit P-GPS Mode
709,Data Recorder File Index is 5.,109,Data Recorder File Index is 5.
710,Motors Started.,549,Motors Started.
711,Motors Started.,549,Motors Started.
712,Downlink Lost.,120,Downlink Lost.
713,Downlink Restored (after 0m 1.5s).,505,Downlink Restored (after 0m 1.5s).
714,Obstacle Avoidance Disabled. Landing gear lowered. Obstacle Avoidance Disabled.,89,Obstacle Avoidance Disabled. Landing gear lowered. Obstacle Avoidance Disabled.
715,Landing Gear Raising. Home Point Recorded,500,Landing Gear Raising. Home Point Recorded
716,Return-to-Home Altitude : 98FT.,95,Return-to-Home Altitude : 98FT.
717,Home Point Updated.,166,Home Point Updated.
718,Landing Gear Raised.,124,Landing Gear Raised.
719,Strong wireless interference. Please fly with caution.,445,Strong wireless interference. Please fly with caution.
720,GPS Position Mismatch.,188,GPS Position Mismatch.
721,GPS Position Mismatch.,188,GPS Position Mismatch.
722,GPS Position Mismatch.,188,GPS Position Mismatch.
723,GPS Position Mismatch.,188,GPS Position Mismatch.
724,GPS Position Mismatch.,188,GPS Position Mismatch.
725,GPS Position Mismatch.,188,GPS Position Mismatch.
726,GPS Position Mismatch.,188,GPS Position Mismatch.
727,GPS Position Mismatch.,188,GPS Position Mismatch.
728,GPS Position Mismatch.,188,GPS Position Mismatch.
729,GPS Position Mismatch.,188,GPS Position Mismatch.
730,GPS Position Mismatch.,188,GPS Position Mismatch.
731,GPS Position Mismatch.,188,GPS Position Mismatch.
732,Strong wireless interference. Please fly with caution.,445,Strong wireless interference. Please fly with caution.
733,Downlink Lost.,120,Downlink Lost.
734,GPS Position Mismatch.,188,GPS Position Mismatch.
735,GPS Position Mismatch.,188,GPS Position Mismatch.
736,GPS Position Mismatch.,188,GPS Position Mismatch.
737,GPS Position Mismatch.,188,GPS Position Mismatch.
738,GPS Position Mismatch.,188,GPS Position Mismatch.
739,GPS Position Mismatch.,188,GPS Position Mismatch.
740,GPS Position Mismatch.,188,GPS Position Mismatch.
741,GPS Position Mismatch.,188,GPS Position Mismatch.
742,GPS Position Mismatch.,188,GPS Position Mismatch.
743,GPS Position Mismatch.,188,GPS Position Mismatch.
744,GPS Position Mismatch.,188,GPS Position Mismatch.
745,GPS Position Mismatch.,188,GPS Position Mismatch.
746,GPS Position Mismatch.,188,GPS Position Mismatch.
747,Large Wind Velocity.,288,Large Wind Velocity.
748,Large Wind Velocity.,288,Large Wind Velocity.
749,Large Wind Velocity.,288,Large Wind Velocity.
750,Yaw Error.,289,Yaw Error.
751,Yaw Error.,289,Yaw Error.
752,Yaw Error.,289,Yaw Error.
753,Yaw Error.,289,Yaw Error.
754,Yaw Error.,289,Yaw Error.
755,Yaw Error.,289,Yaw Error.
756,Yaw Error.,289,Yaw Error.
757,Yaw Error.,289,Yaw Error.
758,Yaw Error.,289,Yaw Error.
759,Yaw Error.,289,Yaw Error.
760,Yaw Error.,289,Yaw Error.
761,Yaw Error.,289,Yaw Error.
762,Yaw Error.,289,Yaw Error.
763,Yaw Error.,289,Yaw Error.
764,Yaw Error.,289,Yaw Error.
765,Yaw Error.,289,Yaw Error.
766,Yaw Error.,289,Yaw Error.
767,Magnetic Filed Interference. Exit P-GPS Mode. Yaw Error.,501,Magnetic Filed Interference. Exit P-GPS Mode. Yaw Error.
768,Yaw Error.,289,Yaw Error.
769,Yaw Error.,289,Yaw Error.
770,Yaw Error.,289,Yaw Error.
771,Yaw Error.,289,Yaw Error.
772,Yaw Error.,289,Yaw Error.
773,Yaw Error.,289,Yaw Error.
774,Yaw Error.,289,Yaw Error.
775,Yaw Error.,289,Yaw Error.
776,Yaw Error.,289,Yaw Error.
777,Yaw Error.,289,Yaw Error.
778,GPS Position Mismatch.,188,GPS Position Mismatch.
779,GPS Position Mismatch.,188,GPS Position Mismatch.
780,GPS Position Mismatch.,188,GPS Position Mismatch.
781,GPS Position Mismatch.,188,GPS Position Mismatch.
782,GPS Position Mismatch.,188,GPS Position Mismatch.
783,GPS Position Mismatch.,188,GPS Position Mismatch.
784,GPS Position Mismatch.,188,GPS Position Mismatch.
785,GPS Position Mismatch.,188,GPS Position Mismatch.
786,Downlink Lost.,120,Downlink Lost.
787,Downlink Lost.,120,Downlink Lost.
788,Taking Off.,162,Taking Off.
789,Taking Off.,162,Taking Off.
790,Home Point Recorded. RTH Altitude : 30m.,12,Home Point Recorded. RTH Altitude : 30m.
791,Landing gear lowered. Obstacle Avoidance Disabled.,89,Landing gear lowered. Obstacle Avoidance Disabled.
792,Current RTH route will pass a No-Fly zone. Pay attention to the aircraft's position to avoid RTH failure.,247,Current RTH route will pass a No-Fly zone. Pay attention to the aircraft's position to avoid RTH failure.
793,Compass Error. Exit P-GPS Mode,11,Compass Error. Exit P-GPS Mode
794,In Flight.,363,In Flight.
795,Max Flight Distance Reached. Adjust in Main Controller Settings if necessary.,44,Max Flight Distance Reached. Adjust in Main Controller Settings if necessary.
796,The remaining battery is only enough for RTH. Return home now.,86,The remaining battery is only enough for RTH. Return home now.
797,Low Power. Aircraft is returning to the Home Point.,133,Low Power. Aircraft is returning to the Home Point.
798,Fly with caution and ensure the aircraft remains within your line of sight.,360,Fly with caution and ensure the aircraft remains within your line of sight.
799,The remaining battery is only enough for RTH. Return home now.,86,The remaining battery is only enough for RTH. Return home now.
800,Obstacle Avoidance will be disabled in landing.,444,Obstacle Avoidance will be disabled in landing.
801,Landing gear lowered. Obstacle Avoidance Disabled.,89,Landing gear lowered. Obstacle Avoidance Disabled.
802,Landing Protection Activated. Aircraft will decelerate during landing.,258,Landing Protection Activated. Aircraft will decelerate during landing.
803,Ground Plain. Safe to Land.,145,Ground Plain. Safe to Land.
804,Taking Off.,162,Taking Off.
805,Taking Off.,162,Taking Off.
806,Home Point Recorded. RTH Altitude : 30m.,12,Home Point Recorded. RTH Altitude : 30m.
807,Landing gear lowered. Obstacle Avoidance Disabled.,89,Landing gear lowered. Obstacle Avoidance Disabled.
808,Max Flight Altitude Reached. Adjust in Main Controller Settings if necessary,15,Max Flight Altitude Reached. Adjust in Main Controller Settings if necessary
809,Subject too Small. Get Closer and retry,40,Subject too Small. Get Closer and retry
810,Max Flight Distance Reached. Adjust in Main Controller Settings if necessary.,44,Max Flight Distance Reached. Adjust in Main Controller Settings if necessary.
811,Aircraft is returning to the Home Point. Minimum RTH Altitude is 30m. You can reset the RTH Altitude in Remote Controller Settings after cancelling RTH.,74,Aircraft is returning to the Home Point. Minimum RTH Altitude is 30m. You can reset the RTH Altitude in Remote Controller Settings after cancelling RTH.
812,Max Flight Altitude Reached. Adjust in Main Controller Settings if necessary,15,Max Flight Altitude Reached. Adjust in Main Controller Settings if necessary
813,Obstacle Avoidance will be disabled in landing.,444,Obstacle Avoidance will be disabled in landing.
814,Landing gear lowered. Obstacle Avoidance Disabled.,89,Landing gear lowered. Obstacle Avoidance Disabled.
815,Landing Protection Activated. Aircraft will decelerate during landing.,258,Landing Protection Activated. Aircraft will decelerate during landing.
816,Ground Plain. Safe to Land.,145,Ground Plain. Safe to Land.
817,Taking Off.,162,Taking Off.
818,Taking Off.,162,Taking Off.
819,Home Point Recorded. RTH Altitude : 30m.,12,Home Point Recorded. RTH Altitude : 30m.
820,Landing gear lowered. Obstacle Avoidance Disabled.,89,Landing gear lowered. Obstacle Avoidance Disabled.
821,Aircraft close to Home Point. go home shifts to landing.,50,Aircraft close to Home Point. go home shifts to landing.
822,Obstacle Avoidance will be disabled in landing.,444,Obstacle Avoidance will be disabled in landing.
823,Landing gear lowered. Obstacle Avoidance Disabled.,89,Landing gear lowered. Obstacle Avoidance Disabled.
824,Landing Protection Activated. Aircraft will decelerate during landing.,258,Landing Protection Activated. Aircraft will decelerate during landing.
825,Landing Canceled.,410,Landing Canceled.
826,Aircraft close to Home Point. go home shifts to landing.,50,Aircraft close to Home Point. go home shifts to landing.
827,Obstacle Avoidance will be disabled in landing.,444,Obstacle Avoidance will be disabled in landing.
828,Landing Protection Activated. Aircraft will decelerate during landing.,258,Landing Protection Activated. Aircraft will decelerate during landing.
829,Landing gear lowered. Obstacle Avoidance Disabled.,89,Landing gear lowered. Obstacle Avoidance Disabled.
830,Obstacle Avoidance will be disabled in landing.,444,Obstacle Avoidance will be disabled in landing.
831,Landing.,280,Landing.
832,Landing Protection Activated. Aircraft will decelerate during landing.,258,Landing Protection Activated. Aircraft will decelerate during landing.
833,Landing gear lowered. Obstacle Avoidance Disabled.,89,Landing gear lowered. Obstacle Avoidance Disabled.
834,Ground Plain. Safe to Land.,145,Ground Plain. Safe to Land.
835,Obstacle Avoidance disabled.,149,Obstacle Avoidance disabled.
836,Landing gear lowered. Obstacle Avoidance has been disabled.,89,Landing gear lowered. Obstacle Avoidance has been disabled.
837,Landing Gear Raising.,508,Landing Gear Raising.
838,Landing Gear Raised.,124,Landing Gear Raised.
839,Gimbal Pitch Limit Reached.,70,Gimbal Pitch Limit Reached.
840,Gimbal Roll Limit Reached.,384,Gimbal Roll Limit Reached.
841,Gimbal Pitch Limit Reached.,70,Gimbal Pitch Limit Reached.
842,Obstacle Sensing will be disabled when aircraft is landing. Fly with caution.,169,Obstacle Sensing will be disabled when aircraft is landing. Fly with caution.
843,Landing Gear Lowering.,507,Landing Gear Lowering.
844,Obstacle Avoidance disabled.,149,Obstacle Avoidance disabled.
845,Landing gear lowered. Obstacle Avoidance has been disabled.,89,Landing gear lowered. Obstacle Avoidance has been disabled.
846,Landing Gear Lowered.,146,Landing Gear Lowered.
847,Data Recorder File Index is 30.,109,Data Recorder File Index is 30.
848,Home Point Updated.,166,Home Point Updated.
849,Obstacle Avoidance disabled. Landing gear lowered. Obstacle Avoidance has been disabled.,89,Obstacle Avoidance disabled. Landing gear lowered. Obstacle Avoidance has been disabled.
850,Landing Gear Raising.,508,Landing Gear Raising.
851,Landing Gear Raised.,124,Landing Gear Raised.
852,Gimbal Pitch Limit Reached.,70,Gimbal Pitch Limit Reached.
853,GPS Position Mismatch.,188,GPS Position Mismatch.
854,GPS Position Mismatch.,188,GPS Position Mismatch.
855,GPS Position Mismatch.,188,GPS Position Mismatch.
856,GPS Position Mismatch.,188,GPS Position Mismatch.
857,GPS Position Mismatch.,188,GPS Position Mismatch.
858,GPS Position Mismatch.,188,GPS Position Mismatch.
859,GPS Position Mismatch.,188,GPS Position Mismatch.
860,GPS Position Mismatch.,188,GPS Position Mismatch.
861,GPS Position Mismatch.,188,GPS Position Mismatch.
862,GPS Position Mismatch.,188,GPS Position Mismatch.
863,GPS Position Mismatch.,188,GPS Position Mismatch.
864,GPS Position Mismatch.,188,GPS Position Mismatch.
865,GPS Position Mismatch.,188,GPS Position Mismatch.
866,GPS Position Mismatch.,188,GPS Position Mismatch.
867,GPS Position Mismatch.,188,GPS Position Mismatch.
868,GPS Position Mismatch.,188,GPS Position Mismatch.
869,GPS Position Mismatch.,188,GPS Position Mismatch.
870,GPS Position Mismatch.,188,GPS Position Mismatch.
871,GPS Position Mismatch.,188,GPS Position Mismatch.
872,GPS Position Mismatch.,188,GPS Position Mismatch.
873,GPS Position Mismatch.,188,GPS Position Mismatch.
874,GPS Position Mismatch.,188,GPS Position Mismatch.
875,GPS Position Mismatch.,188,GPS Position Mismatch.
876,GPS Position Mismatch.,188,GPS Position Mismatch.
877,GPS Position Mismatch.,188,GPS Position Mismatch.
878,GPS Position Mismatch.,188,GPS Position Mismatch.
879,GPS Position Mismatch.,188,GPS Position Mismatch.
880,GPS Position Mismatch.,188,GPS Position Mismatch.
881,GPS Position Mismatch.,188,GPS Position Mismatch.
882,GPS Position Mismatch.,188,GPS Position Mismatch.
883,GPS Position Mismatch.,188,GPS Position Mismatch.
884,GPS Position Mismatch.,188,GPS Position Mismatch.
885,GPS Position Mismatch.,188,GPS Position Mismatch.
886,GPS Position Mismatch.,188,GPS Position Mismatch.
887,GPS Position Mismatch.,188,GPS Position Mismatch.
888,GPS Position Mismatch.,188,GPS Position Mismatch.
889,GPS Position Mismatch.,188,GPS Position Mismatch.
890,GPS Position Mismatch.,188,GPS Position Mismatch.
891,GPS Position Mismatch.,188,GPS Position Mismatch.
892,GPS Position Mismatch.,188,GPS Position Mismatch.
893,GPS Position Mismatch.,188,GPS Position Mismatch.
894,GPS Position Mismatch.,188,GPS Position Mismatch.
895,GPS Position Mismatch.,188,GPS Position Mismatch.
896,GPS Position Mismatch.,188,GPS Position Mismatch.
897,GPS Position Mismatch.,188,GPS Position Mismatch.
898,GPS Position Mismatch.,188,GPS Position Mismatch.
899,GPS Position Mismatch.,188,GPS Position Mismatch.
900,GPS Position Mismatch.,188,GPS Position Mismatch.
901,GPS Position Mismatch.,188,GPS Position Mismatch.
902,GPS Position Mismatch.,188,GPS Position Mismatch.
903,GPS Position Mismatch.,188,GPS Position Mismatch.
904,GPS Position Mismatch.,188,GPS Position Mismatch.
905,GPS Position Mismatch.,188,GPS Position Mismatch.
906,GPS Position Mismatch.,188,GPS Position Mismatch.
907,GPS Position Mismatch.,188,GPS Position Mismatch.
908,GPS Position Mismatch.,188,GPS Position Mismatch.
909,GPS Position Mismatch.,188,GPS Position Mismatch.
910,GPS Position Mismatch.,188,GPS Position Mismatch.
911,GPS Position Mismatch.,188,GPS Position Mismatch.
912,GPS Position Mismatch.,188,GPS Position Mismatch.
913,GPS Position Mismatch.,188,GPS Position Mismatch.
914,GPS Position Mismatch.,188,GPS Position Mismatch.
915,GPS Position Mismatch.,188,GPS Position Mismatch.
916,GPS Position Mismatch.,188,GPS Position Mismatch.
917,GPS Position Mismatch.,188,GPS Position Mismatch.
918,GPS Position Mismatch.,188,GPS Position Mismatch.
919,GPS Position Mismatch.,188,GPS Position Mismatch.
920,GPS Position Mismatch.,188,GPS Position Mismatch.
921,GPS Position Mismatch.,188,GPS Position Mismatch.
922,GPS Position Mismatch.,188,GPS Position Mismatch.
923,GPS Position Mismatch.,188,GPS Position Mismatch.
924,GPS Position Mismatch.,188,GPS Position Mismatch.
925,GPS Position Mismatch.,188,GPS Position Mismatch.
926,GPS Position Mismatch.,188,GPS Position Mismatch.
927,GPS Position Mismatch.,188,GPS Position Mismatch.
928,GPS Position Mismatch.,188,GPS Position Mismatch.
929,GPS Position Mismatch.,188,GPS Position Mismatch.
930,GPS Position Mismatch.,188,GPS Position Mismatch.
931,GPS Position Mismatch.,188,GPS Position Mismatch.
932,GPS Position Mismatch.,188,GPS Position Mismatch.
933,GPS Position Mismatch.,188,GPS Position Mismatch.
934,GPS Position Mismatch.,188,GPS Position Mismatch.
935,GPS Position Mismatch.,188,GPS Position Mismatch.
936,GPS Position Mismatch.,188,GPS Position Mismatch.
937,GPS Position Mismatch.,188,GPS Position Mismatch.
938,GPS Position Mismatch.,188,GPS Position Mismatch.
939,GPS Position Mismatch.,188,GPS Position Mismatch.
940,GPS Position Mismatch.,188,GPS Position Mismatch.
941,GPS Position Mismatch.,188,GPS Position Mismatch.
942,GPS Position Mismatch.,188,GPS Position Mismatch.
943,GPS Position Mismatch.,188,GPS Position Mismatch.
944,GPS Position Mismatch.,188,GPS Position Mismatch.
945,GPS Position Mismatch.,188,GPS Position Mismatch.
946,GPS Position Mismatch.,188,GPS Position Mismatch.
947,GPS Position Mismatch.,188,GPS Position Mismatch.
948,GPS Position Mismatch.,188,GPS Position Mismatch.
949,GPS Position Mismatch.,188,GPS Position Mismatch.
950,GPS Position Mismatch.,188,GPS Position Mismatch.
951,GPS Position Mismatch.,188,GPS Position Mismatch.
952,GPS Position Mismatch.,188,GPS Position Mismatch.
953,GPS Position Mismatch.,188,GPS Position Mismatch.
954,GPS Position Mismatch.,188,GPS Position Mismatch.
955,GPS Position Mismatch.,188,GPS Position Mismatch.
956,GPS Position Mismatch.,188,GPS Position Mismatch.
957,GPS Position Mismatch.,188,GPS Position Mismatch.
958,GPS Position Mismatch.,188,GPS Position Mismatch.
959,GPS Position Mismatch.,188,GPS Position Mismatch.
960,GPS Position Mismatch.,188,GPS Position Mismatch.
961,GPS Position Mismatch.,188,GPS Position Mismatch.
962,GPS Position Mismatch.,188,GPS Position Mismatch.
963,GPS Position Mismatch.,188,GPS Position Mismatch.
964,GPS Position Mismatch.,188,GPS Position Mismatch.
965,GPS Position Mismatch.,188,GPS Position Mismatch.
966,GPS Position Mismatch.,188,GPS Position Mismatch.
967,GPS Position Mismatch.,188,GPS Position Mismatch.
968,GPS Position Mismatch.,188,GPS Position Mismatch.
969,GPS Position Mismatch.,188,GPS Position Mismatch.
970,GPS Position Mismatch.,188,GPS Position Mismatch.
971,GPS Position Mismatch.,188,GPS Position Mismatch.
972,GPS Position Mismatch.,188,GPS Position Mismatch.
973,GPS Position Mismatch.,188,GPS Position Mismatch.
974,GPS Position Mismatch.,188,GPS Position Mismatch.
975,GPS Position Mismatch.,188,GPS Position Mismatch.
976,GPS Position Mismatch.,188,GPS Position Mismatch.
977,GPS Position Mismatch.,188,GPS Position Mismatch.
978,GPS Position Mismatch.,188,GPS Position Mismatch.
979,GPS Position Mismatch.,188,GPS Position Mismatch.
980,GPS Position Mismatch.,188,GPS Position Mismatch.
981,GPS Position Mismatch.,188,GPS Position Mismatch.
982,GPS Position Mismatch.,188,GPS Position Mismatch.
983,GPS Position Mismatch.,188,GPS Position Mismatch.
984,GPS Position Mismatch.,188,GPS Position Mismatch.
985,GPS Position Mismatch.,188,GPS Position Mismatch.
986,GPS Position Mismatch.,188,GPS Position Mismatch.
987,GPS Position Mismatch.,188,GPS Position Mismatch.
988,GPS Position Mismatch.,188,GPS Position Mismatch.
989,GPS Position Mismatch.,188,GPS Position Mismatch.
990,GPS Position Mismatch.,188,GPS Position Mismatch.
991,GPS Position Mismatch.,188,GPS Position Mismatch.
992,GPS Position Mismatch.,188,GPS Position Mismatch.
993,GPS Position Mismatch.,188,GPS Position Mismatch.
994,GPS Position Mismatch.,188,GPS Position Mismatch.
995,GPS Position Mismatch.,188,GPS Position Mismatch.
996,GPS Position Mismatch.,188,GPS Position Mismatch.
997,GPS Position Mismatch.,188,GPS Position Mismatch.
998,GPS Position Mismatch.,188,GPS Position Mismatch.
999,GPS Position Mismatch.,188,GPS Position Mismatch.
1000,GPS Position Mismatch.,188,GPS Position Mismatch.
1001,GPS Position Mismatch.,188,GPS Position Mismatch.
1002,GPS Position Mismatch.,188,GPS Position Mismatch.
1003,GPS Position Mismatch.,188,GPS Position Mismatch.
1004,GPS Position Mismatch.,188,GPS Position Mismatch.
1005,GPS Position Mismatch.,188,GPS Position Mismatch.
1006,GPS Position Mismatch.,188,GPS Position Mismatch.
1007,GPS Position Mismatch.,188,GPS Position Mismatch.
1008,GPS Position Mismatch.,188,GPS Position Mismatch.
1009,GPS Position Mismatch.,188,GPS Position Mismatch.
1010,GPS Position Mismatch.,188,GPS Position Mismatch.
1011,GPS Position Mismatch.,188,GPS Position Mismatch.
1012,GPS Position Mismatch.,188,GPS Position Mismatch.
1013,GPS Position Mismatch.,188,GPS Position Mismatch.
1014,GPS Position Mismatch.,188,GPS Position Mismatch.
1015,GPS Position Mismatch.,188,GPS Position Mismatch.
1016,GPS Position Mismatch.,188,GPS Position Mismatch.
1017,GPS Position Mismatch.,188,GPS Position Mismatch.
1018,GPS Position Mismatch.,188,GPS Position Mismatch.
1019,GPS Position Mismatch.,188,GPS Position Mismatch.
1020,GPS Position Mismatch.,188,GPS Position Mismatch.
1021,GPS Position Mismatch.,188,GPS Position Mismatch.
1022,GPS Position Mismatch.,188,GPS Position Mismatch.
1023,GPS Position Mismatch.,188,GPS Position Mismatch.
1024,GPS Position Mismatch.,188,GPS Position Mismatch.
1025,GPS Position Mismatch.,188,GPS Position Mismatch.
1026,GPS Position Mismatch.,188,GPS Position Mismatch.
1027,GPS Position Mismatch.,188,GPS Position Mismatch.
1028,GPS Position Mismatch.,188,GPS Position Mismatch.
1029,GPS Position Mismatch.,188,GPS Position Mismatch.
1030,GPS Position Mismatch.,188,GPS Position Mismatch.
1031,GPS Position Mismatch.,188,GPS Position Mismatch.
1032,GPS Position Mismatch.,188,GPS Position Mismatch.
1033,GPS Position Mismatch.,188,GPS Position Mismatch.
1034,GPS Position Mismatch.,188,GPS Position Mismatch.
1035,GPS Position Mismatch.,188,GPS Position Mismatch.
1036,GPS Position Mismatch.,188,GPS Position Mismatch.
1037,GPS Position Mismatch.,188,GPS Position Mismatch.
1038,GPS Position Mismatch.,188,GPS Position Mismatch.
1039,GPS Position Mismatch.,188,GPS Position Mismatch.
1040,GPS Position Mismatch.,188,GPS Position Mismatch.
1041,Gimbal Roll Limit Reached.,384,Gimbal Roll Limit Reached.
1042,Gimbal Pitch Limit Reached.,70,Gimbal Pitch Limit Reached.
1043,Gimbal Pitch Limit Reached.,70,Gimbal Pitch Limit Reached.
1044,Gimbal Pitch Limit Reached.,70,Gimbal Pitch Limit Reached.
1045,Obstacle Sensing will be disabled when aircraft is landing. Fly with caution.,169,Obstacle Sensing will be disabled when aircraft is landing. Fly with caution.
1046,Landing Gear Lowering.,507,Landing Gear Lowering.
1047,Obstacle Avoidance disabled. Landing gear lowered. Obstacle Avoidance has been disabled.,89,Obstacle Avoidance disabled. Landing gear lowered. Obstacle Avoidance has been disabled.
1048,Landing Gear Lowered.,146,Landing Gear Lowered.
1049,Home Point Recorded. RTH Altitude : 30m.,12,Home Point Recorded. RTH Altitude : 30m.
1050,Landing gear lowered. Obstacle Avoidance Disabled.,89,Landing gear lowered. Obstacle Avoidance Disabled.
1051,Gimbal Pitch Reached Movement Limit,70,Gimbal Pitch Reached Movement Limit
1052,Landing gear lowered. Obstacle Avoidance Disabled.,89,Landing gear lowered. Obstacle Avoidance Disabled.
1053,Weak GPS signal. Aircraft is in Attitude mode and hovering may be unstable. Fly with caution.,432,Weak GPS signal. Aircraft is in Attitude mode and hovering may be unstable. Fly with caution.
1054,Gimbal Yaw Limit Reached,202,Gimbal Yaw Limit Reached
1055,Gimbal Pitch Limit Reached.,70,Gimbal Pitch Limit Reached.
1056,Gimbal Yaw Limit Reached,202,Gimbal Yaw Limit Reached
1057,Data Recorder File Index is 13.,109,Data Recorder File Index is 13.
1058,Data Recorder File Index is 17.,109,Data Recorder File Index is 17.
1059,Home Point Updated.,166,Home Point Updated.
1060,GPS Position Mismatch.,188,GPS Position Mismatch.
1061,GPS Position Mismatch.,188,GPS Position Mismatch.
1062,GPS Position Mismatch.,188,GPS Position Mismatch.
1063,GPS Position Mismatch.,188,GPS Position Mismatch.
1064,GPS Position Mismatch.,188,GPS Position Mismatch.
1065,GPS Position Mismatch.,188,GPS Position Mismatch.
1066,GPS Position Mismatch.,188,GPS Position Mismatch.
1067,GPS Position Mismatch.,188,GPS Position Mismatch.
1068,GPS Position Mismatch.,188,GPS Position Mismatch.
1069,GPS Position Mismatch.,188,GPS Position Mismatch.
1070,GPS Position Mismatch.,188,GPS Position Mismatch.
1071,GPS Position Mismatch.,188,GPS Position Mismatch.
1072,GPS Position Mismatch.,188,GPS Position Mismatch.
1073,GPS Position Mismatch.,188,GPS Position Mismatch.
1074,GPS Position Mismatch.,188,GPS Position Mismatch.
1075,Cannot switch flight mode. Turn on 'Multiple Flight Modes' to enable Atti and Sport Modes.,170,Cannot switch flight mode. Turn on 'Multiple Flight Modes' to enable Atti and Sport Modes.
1076,Data Recorder File Index is 18.,109,Data Recorder File Index is 18.
1077,Home Point Updated.,166,Home Point Updated.
1078,Data Recorder File Index is 18.,109,Data Recorder File Index is 18.
1079,Home Point Updated.,166,Home Point Updated.
1080,Data Recorder File Index is 19.,109,Data Recorder File Index is 19.
1081,Data Recorder File Index is 19.,109,Data Recorder File Index is 19.
1082,Data Recorder File Index is 19.,109,Data Recorder File Index is 19.
1083,Home Point Updated.,166,Home Point Updated.
1084,Data Recorder File Index is 19.,109,Data Recorder File Index is 19.
1085,Home Point Updated.,166,Home Point Updated.
1086,Data Recorder File Index is 19.,109,Data Recorder File Index is 19.
1087,Data Recorder File Index is 3.,109,Data Recorder File Index is 3.
1088,Remote controller assisted takeoff initiated.,274,Remote controller assisted takeoff initiated.
1089,Data Recorder File Index is 3.,109,Data Recorder File Index is 3.
1090,Remote controller assisted takeoff initiated.,274,Remote controller assisted takeoff initiated.
1091,Data Recorder File Index is 7.,109,Data Recorder File Index is 7.
1092,Remote controller assisted takeoff initiated.,274,Remote controller assisted takeoff initiated.
1093,Home Point Updated.,166,Home Point Updated.
1094,Home Point recorded. Return-to-Home Altitude : 98FT.,12,Home Point recorded. Return-to-Home Altitude : 98FT.
1095,Propulsion output has been limited to ensure battery health.,411,Propulsion output has been limited to ensure battery health.
1096,GPS Position Mismatch.,188,GPS Position Mismatch.
1097,GPS Position Mismatch.,188,GPS Position Mismatch.
1098,GPS Position Mismatch.,188,GPS Position Mismatch.
1099,GPS Position Mismatch.,188,GPS Position Mismatch.
1100,GPS Position Mismatch.,188,GPS Position Mismatch.
1101,GPS Position Mismatch.,188,GPS Position Mismatch.
1102,GPS Position Mismatch.,188,GPS Position Mismatch.
1103,GPS Position Mismatch.,188,GPS Position Mismatch.
1104,GPS Position Mismatch.,188,GPS Position Mismatch.
1105,GPS Position Mismatch.,188,GPS Position Mismatch.
1106,GPS Position Mismatch.,188,GPS Position Mismatch.
1107,GPS Position Mismatch.,188,GPS Position Mismatch.
1108,GPS Position Mismatch.,188,GPS Position Mismatch.
1109,GPS Position Mismatch.,188,GPS Position Mismatch.
1110,GPS Position Mismatch.,188,GPS Position Mismatch.
1111,GPS Position Mismatch.,188,GPS Position Mismatch.
1112,GPS Position Mismatch.,188,GPS Position Mismatch.
1113,GPS Position Mismatch.,188,GPS Position Mismatch.
1114,GPS Position Mismatch.,188,GPS Position Mismatch.
1115,GPS Position Mismatch.,188,GPS Position Mismatch.
1116,GPS Position Mismatch.,188,GPS Position Mismatch.
1117,GPS Position Mismatch.,188,GPS Position Mismatch.
1118,GPS Position Mismatch.,188,GPS Position Mismatch.
1119,GPS Position Mismatch.,188,GPS Position Mismatch.
1120,Obstacle Sensing will be disabled when aircraft is landing. Fly with caution.,169,Obstacle Sensing will be disabled when aircraft is landing. Fly with caution.
1121,Aircraft is close to the Home Point. Initiating Return to Home will now trigger Auto Landing.,252,Aircraft is close to the Home Point. Initiating Return to Home will now trigger Auto Landing.
1122,Intelligent Flight Modes have not been enabled. Enable this option in Main Controller Settings if needed.,390,Intelligent Flight Modes have not been enabled. Enable this option in Main Controller Settings if needed.
1123,Intelligent Flight Modes have not been enabled. Enable this option in Main Controller Settings if needed.,390,Intelligent Flight Modes have not been enabled. Enable this option in Main Controller Settings if needed.
1124,Remote controller assisted takeoff initiated.,274,Remote controller assisted takeoff initiated.
1125,Remote controller assisted takeoff initiated.,274,Remote controller assisted takeoff initiated.
1126,Gimbal Yaw Limit Reached,202,Gimbal Yaw Limit Reached
1127,Gimbal Yaw Limit Reached,202,Gimbal Yaw Limit Reached
1128,Gimbal Yaw Limit Reached,202,Gimbal Yaw Limit Reached
1129,Home Point recorded. Return-to-Home Altitude : 98FT,12,Home Point recorded. Return-to-Home Altitude : 98FT
1130,Remote controller assisted takeoff initiated.,274,Remote controller assisted takeoff initiated.
1131,Home Point recorded. Return-to-Home Altitude : 98FT,12,Home Point recorded. Return-to-Home Altitude : 98FT
1132,Propulsion output has been limited to ensure battery health.,411,Propulsion output has been limited to ensure battery health.
1133,Aircraft is close to the Home Point. Initiating Return to Home will now trigger Auto Landing.,252,Aircraft is close to the Home Point. Initiating Return to Home will now trigger Auto Landing.
1134,Obstacle Sensing will be disabled when aircraft is landing. Fly with caution.,169,Obstacle Sensing will be disabled when aircraft is landing. Fly with caution.
1135,Gimbal Pitch Limit Reached.,70,Gimbal Pitch Limit Reached.
1136,"Aircraft is in Attitude mode, so that it will not hover. Please fly with caution.",265,"Aircraft is in Attitude mode, so that it will not hover. Please fly with caution."
1137,Taking Off.,162,Taking Off.
1138,Return-to-Home Altitude : 65FT,95,Return-to-Home Altitude : 65FT
1139,Cannot switch flight mode. Turn on 'Multiple Flight Modes' to enable Atti and Sport Modes,170,Cannot switch flight mode. Turn on 'Multiple Flight Modes' to enable Atti and Sport Modes
1140,Large Wind Velocity. Fly with caution.,108,Large Wind Velocity. Fly with caution.
1141,Large Wind Velocity. Fly with caution.,108,Large Wind Velocity. Fly with caution.
1142,Large Wind Velocity. Fly with caution.,108,Large Wind Velocity. Fly with caution.
1143,Large Wind Velocity. Fly with caution.,108,Large Wind Velocity. Fly with caution.
1144,Landing.,280,Landing.
1145,Data Recorder File Index is 65.,109,Data Recorder File Index is 65.
1146,Taking off.,162,Taking off.
1147,RTH Altitude : 65FT.,115,RTH Altitude : 65FT.
1148,Home Point Updated.,166,Home Point Updated.
1149,Cannot switch flight mode. Turn on 'Multiple Flight Modes' to enable Atti and Sport Modes.,170,Cannot switch flight mode. Turn on 'Multiple Flight Modes' to enable Atti and Sport Modes.
1150,Cannot switch flight mode. Turn on 'Multiple Flight Modes' to enable Atti and Sport Modes.,170,Cannot switch flight mode. Turn on 'Multiple Flight Modes' to enable Atti and Sport Modes.
1151,GPS Position Mismatch.,188,GPS Position Mismatch.
1152,GPS Position Mismatch.,188,GPS Position Mismatch.
1153,GPS Position Mismatch.,188,GPS Position Mismatch.
1154,GPS Position Mismatch.,188,GPS Position Mismatch.
1155,GPS Position Mismatch.,188,GPS Position Mismatch.
1156,GPS Position Mismatch.,188,GPS Position Mismatch.
1157,GPS Position Mismatch.,188,GPS Position Mismatch.
1158,GPS Position Mismatch.,188,GPS Position Mismatch.
1159,GPS Position Mismatch.,188,GPS Position Mismatch.
1160,GPS Position Mismatch.,188,GPS Position Mismatch.
1161,GPS Position Mismatch.,188,GPS Position Mismatch.
1162,GPS Position Mismatch.,188,GPS Position Mismatch.
1163,GPS Position Mismatch.,188,GPS Position Mismatch.
1164,GPS Position Mismatch.,188,GPS Position Mismatch.
1165,Large Wind Velocity.,288,Large Wind Velocity.
1166,GPS Position Mismatch.,188,GPS Position Mismatch.
1167,GPS Position Mismatch.,188,GPS Position Mismatch.
1168,GPS Position Mismatch.,188,GPS Position Mismatch.
1169,GPS Position Mismatch.,188,GPS Position Mismatch.
1170,GPS Position Mismatch.,188,GPS Position Mismatch.
1171,GPS Position Mismatch.,188,GPS Position Mismatch.
1172,GPS Position Mismatch.,188,GPS Position Mismatch.
1173,GPS Position Mismatch.,188,GPS Position Mismatch.
1174,GPS Position Mismatch.,188,GPS Position Mismatch.
1175,GPS Position Mismatch.,188,GPS Position Mismatch.
1176,Large Wind Velocity.,288,Large Wind Velocity.
1177,Large Wind Velocity.,288,Large Wind Velocity.
1178,GPS Position Mismatch.,188,GPS Position Mismatch.
1179,GPS Position Mismatch.,188,GPS Position Mismatch.
1180,GPS Position Mismatch.,188,GPS Position Mismatch.
1181,GPS Position Mismatch.,188,GPS Position Mismatch.
1182,GPS Position Mismatch.,188,GPS Position Mismatch.
1183,GPS Position Mismatch.,188,GPS Position Mismatch.
1184,GPS Position Mismatch.,188,GPS Position Mismatch.
1185,GPS Position Mismatch.,188,GPS Position Mismatch.
1186,GPS Position Mismatch.,188,GPS Position Mismatch.
1187,GPS Position Mismatch.,188,GPS Position Mismatch.
1188,GPS Position Mismatch.,188,GPS Position Mismatch.
1189,GPS Position Mismatch.,188,GPS Position Mismatch.
1190,GPS Position Mismatch.,188,GPS Position Mismatch.
1191,GPS Position Mismatch.,188,GPS Position Mismatch.
1192,GPS Position Mismatch.,188,GPS Position Mismatch.
1193,GPS Position Mismatch.,188,GPS Position Mismatch.
1194,GPS Position Mismatch.,188,GPS Position Mismatch.
1195,GPS Position Mismatch.,188,GPS Position Mismatch.
1196,GPS Position Mismatch.,188,GPS Position Mismatch.
1197,GPS Position Mismatch.,188,GPS Position Mismatch.
1198,GPS Position Mismatch.,188,GPS Position Mismatch.
1199,GPS Position Mismatch.,188,GPS Position Mismatch.
1200,GPS Position Mismatch.,188,GPS Position Mismatch.
1201,GPS Position Mismatch.,188,GPS Position Mismatch.
1202,GPS Position Mismatch.,188,GPS Position Mismatch.
1203,GPS Position Mismatch.,188,GPS Position Mismatch.
1204,GPS Position Mismatch.,188,GPS Position Mismatch.
1205,GPS Position Mismatch.,188,GPS Position Mismatch.
1206,GPS Position Mismatch.,188,GPS Position Mismatch.
1207,GPS Position Mismatch.,188,GPS Position Mismatch.
1208,GPS Position Mismatch.,188,GPS Position Mismatch.
1209,GPS Position Mismatch.,188,GPS Position Mismatch.
1210,GPS Position Mismatch.,188,GPS Position Mismatch.
1211,GPS Position Mismatch.,188,GPS Position Mismatch.
1212,GPS Position Mismatch.,188,GPS Position Mismatch.
1213,GPS Position Mismatch.,188,GPS Position Mismatch.
1214,GPS Position Mismatch.,188,GPS Position Mismatch.
1215,GPS Position Mismatch.,188,GPS Position Mismatch.
1216,GPS Position Mismatch.,188,GPS Position Mismatch.
1217,GPS Position Mismatch.,188,GPS Position Mismatch.
1218,GPS Position Mismatch.,188,GPS Position Mismatch.
1219,GPS Position Mismatch.,188,GPS Position Mismatch.
1220,GPS Position Mismatch.,188,GPS Position Mismatch.
1221,GPS Position Mismatch.,188,GPS Position Mismatch.
1222,GPS Position Mismatch.,188,GPS Position Mismatch.
1223,GPS Position Mismatch.,188,GPS Position Mismatch.
1224,Large Wind Velocity.,288,Large Wind Velocity.
1225,Landing.,280,Landing.
1226,Fly with caution and ensure the aircraft remains within your line of sight.,360,Fly with caution and ensure the aircraft remains within your line of sight.
1227,Fly with caution and ensure the aircraft remains within your line of sight.,360,Fly with caution and ensure the aircraft remains within your line of sight.
1228,Fly with caution and ensure the aircraft remains within your line of sight.,360,Fly with caution and ensure the aircraft remains within your line of sight.
1229,Fly with caution and ensure the aircraft remains within your line of sight.,360,Fly with caution and ensure the aircraft remains within your line of sight.
1230,Fly with caution and ensure the aircraft remains within your line of sight.,360,Fly with caution and ensure the aircraft remains within your line of sight.
1231,Landing.,280,Landing.
1232,"Aircraft is in Attitude mode, so that it will not hover. Please fly with caution.",265,"Aircraft is in Attitude mode, so that it will not hover. Please fly with caution."
1233,"Aircraft is in Attitude mode, so that it will not hover. Please fly with caution.",265,"Aircraft is in Attitude mode, so that it will not hover. Please fly with caution."
1234,"Aircraft is in Attitude mode, so that it will not hover. Please fly with caution.",265,"Aircraft is in Attitude mode, so that it will not hover. Please fly with caution."
1235,Mobile device version too old to support HD image transmission and the image transmission mode has been switch to normal mode.,205,Mobile device version too old to support HD image transmission and the image transmission mode has been switch to normal mode.
1236,Home Point recorded. Return-to-Home Altitude : 98FT,12,Home Point recorded. Return-to-Home Altitude : 98FT
1237,Strong Remote Controller Interference.,297,Strong Remote Controller Interference.
1238,"Braking now. Return sticks to midpoints, then continue flying.",7,"Braking now. Return sticks to midpoints, then continue flying."
1239,Strong Remote Controller Interference.,297,Strong Remote Controller Interference.
1240,Strong Remote Controller Interference.,297,Strong Remote Controller Interference.
1241,Strong Remote Controller Interference.,297,Strong Remote Controller Interference.
1242,Home Point recorded. Return-to-Home Altitude : 98FT,12,Home Point recorded. Return-to-Home Altitude : 98FT
1243,Weak signal. Avoid blocking the antennas and keep the antennas parallel to and facing toward the aircraft during flight.,158,Weak signal. Avoid blocking the antennas and keep the antennas parallel to and facing toward the aircraft during flight.
1244,Weak signal. Avoid blocking the antennas and keep the antennas parallel to and facing toward the aircraft during flight.,158,Weak signal. Avoid blocking the antennas and keep the antennas parallel to and facing toward the aircraft during flight.
1245,Strong Remote Controller Interference.,297,Strong Remote Controller Interference.
1246,Data Recorder File Index is 12.,109,Data Recorder File Index is 12.
1247,Home Point Updated.,166,Home Point Updated.
1248,Home Point recorded. Return-to-Home Altitude : 98FT.,12,Home Point recorded. Return-to-Home Altitude : 98FT.
1249,Strong Remote Controller Interference.,297,Strong Remote Controller Interference.
1250,"Braking now. Return sticks to midpoints, then continue flying.",7,"Braking now. Return sticks to midpoints, then continue flying."
1251,Strong Remote Controller Interference.,297,Strong Remote Controller Interference.
1252,Strong Remote Controller Interference.,297,Strong Remote Controller Interference.
1253,Strong Remote Controller Interference.,297,Strong Remote Controller Interference.
1254,Data Recorder File Index is 12.,109,Data Recorder File Index is 12.
1255,Home Point Updated.,166,Home Point Updated.
1256,Home Point recorded. Return-to-Home Altitude : 98FT.,12,Home Point recorded. Return-to-Home Altitude : 98FT.
1257,Weak signal. Avoid blocking the antennas and keep the antennas parallel to and facing toward the aircraft during flight.,158,Weak signal. Avoid blocking the antennas and keep the antennas parallel to and facing toward the aircraft during flight.
1258,Weak signal. Avoid blocking the antennas and keep the antennas parallel to and facing toward the aircraft during flight.,158,Weak signal. Avoid blocking the antennas and keep the antennas parallel to and facing toward the aircraft during flight.
1259,Strong Remote Controller Interference.,297,Strong Remote Controller Interference.
1260,Home Point Recorded. RTH Altitude : 30m.,12,Home Point Recorded. RTH Altitude : 30m.
1261,Tap the screen lightly to focus.,81,Tap the screen lightly to focus.
1262,Mobile device CPU fully loaded. Related performance will be affected.,137,Mobile device CPU fully loaded. Related performance will be affected.
1263,Obstacle Avoided. Revise Flight Route,122,Obstacle Avoided. Revise Flight Route
1264,Attitude is too large.,351,Attitude is too large.
1265,"Aircraft is in Attitude mode, so that it will not hover. Please fly with caution.",265,"Aircraft is in Attitude mode, so that it will not hover. Please fly with caution."
1266,Home Point Recorded.,57,Home Point Recorded.
1267,Taking Off.,162,Taking Off.
1268,Return-to-Home Altitude : 65FT,95,Return-to-Home Altitude : 65FT
1269,Home Point Recorded.,57,Home Point Recorded.
1270,Large Wind Velocity. Fly with caution.,108,Large Wind Velocity. Fly with caution.
1271,Landing.,280,Landing.
1272,Weak GPS signal. Aircraft is in Attitude mode and hovering may be unstable. Fly with caution.,432,Weak GPS signal. Aircraft is in Attitude mode and hovering may be unstable. Fly with caution.
1273,Tap the screen to focus.,81,Tap the screen to focus.
1274,Obstacle Sensing will be disabled when aircraft is landing. Fly with caution.,169,Obstacle Sensing will be disabled when aircraft is landing. Fly with caution.
1275,SD card write speed is too slow. Not suitable for shooting a 4K video.,156,SD card write speed is too slow. Not suitable for shooting a 4K video.
1276,Maximum flight distance reached. Adjust the distance in MC Settings if required.,44,Maximum flight distance reached. Adjust the distance in MC Settings if required.
1277,Weak signal. Avoid blocking the antennas and keep the antennas parallel to and facing toward the aircraft during flight.,158,Weak signal. Avoid blocking the antennas and keep the antennas parallel to and facing toward the aircraft during flight.
1278,High wind velocity. Ensure the aircraft remains within your line of sight and fly with caution.,43,High wind velocity. Ensure the aircraft remains within your line of sight and fly with caution.
1279,Maximum flight distance reached. Adjust the distance in MC Settings if required.,44,Maximum flight distance reached. Adjust the distance in MC Settings if required.
1280,Obstacle Sensing will be disabled when aircraft is landing. Fly with caution.,169,Obstacle Sensing will be disabled when aircraft is landing. Fly with caution.
1281,Backward Obstacle Sensing is not functioning.,30,Backward Obstacle Sensing is not functioning.
1282,Sensing system is blocked or too close to the obstacle.,230,Sensing system is blocked or too close to the obstacle.
1283,Weak GPS signal. Aircraft is in Attitude mode and hovering may be unstable. Fly with caution.,432,Weak GPS signal. Aircraft is in Attitude mode and hovering may be unstable. Fly with caution.
1284,Mobile device version too old to support HD image transmission and the image transmission mode has been switch to normal mode.,205,Mobile device version too old to support HD image transmission and the image transmission mode has been switch to normal mode.
1285,Home Point recorded. Return-to-Home Altitude : 98FT,12,Home Point recorded. Return-to-Home Altitude : 98FT
1286,Weak signal. Avoid blocking the antennas and keep the antennas parallel to and facing toward the aircraft during flight.,158,Weak signal. Avoid blocking the antennas and keep the antennas parallel to and facing toward the aircraft during flight.
1287,Intelligent Flight Modes have not been enabled. Enable this option in Main Controller Settings if needed.,390,Intelligent Flight Modes have not been enabled. Enable this option in Main Controller Settings if needed.
1288,Maximum flight distance reached. Adjust the distance in MC Settings if required.,44,Maximum flight distance reached. Adjust the distance in MC Settings if required.
1289,"To take off in non-P mode, toggle Flight Mode Switch to another mode and then toggle it back.",486,"To take off in non-P mode, toggle Flight Mode Switch to another mode and then toggle it back."
1290,Switched to P (Positioning)-mode.,499,Switched to P (Positioning)-mode.
1291,Switched to T (Tripod)-mode.,413,Switched to T (Tripod)-mode.
1292,Switched to P (Positioning)-mode.,499,Switched to P (Positioning)-mode.
1293,Switched to S (Sport)-mode.,475,Switched to S (Sport)-mode.
1294,Weak signal. Avoid blocking the antennas and keep the antennas parallel to and facing toward the aircraft during flight.,158,Weak signal. Avoid blocking the antennas and keep the antennas parallel to and facing toward the aircraft during flight.
1295,Data Recorder File Index is 46.,109,Data Recorder File Index is 46.
1296,RTH Altitude : 65FT.,115,RTH Altitude : 65FT.
1297,Taking off.,162,Taking off.
1298,Home Point Recorded.,57,Home Point Recorded.
1299,Home Point Updated.,166,Home Point Updated.
1300,GPS Position Mismatch.,188,GPS Position Mismatch.
1301,GPS Position Mismatch.,188,GPS Position Mismatch.
1302,GPS Position Mismatch.,188,GPS Position Mismatch.
1303,GPS Position Mismatch.,188,GPS Position Mismatch.
1304,GPS Position Mismatch.,188,GPS Position Mismatch.
1305,GPS Position Mismatch.,188,GPS Position Mismatch.
1306,GPS Position Mismatch.,188,GPS Position Mismatch.
1307,GPS Position Mismatch.,188,GPS Position Mismatch.
1308,GPS Position Mismatch.,188,GPS Position Mismatch.
1309,GPS Position Mismatch.,188,GPS Position Mismatch.
1310,GPS Position Mismatch.,188,GPS Position Mismatch.
1311,GPS Position Mismatch.,188,GPS Position Mismatch.
1312,GPS Position Mismatch.,188,GPS Position Mismatch.
1313,GPS Position Mismatch.,188,GPS Position Mismatch.
1314,GPS Position Mismatch.,188,GPS Position Mismatch.
1315,GPS Position Mismatch.,188,GPS Position Mismatch.
1316,Large Wind Velocity.,288,Large Wind Velocity.
1317,GPS Position Mismatch.,188,GPS Position Mismatch.
1318,GPS Position Mismatch.,188,GPS Position Mismatch.
1319,GPS Position Mismatch.,188,GPS Position Mismatch.
1320,GPS Position Mismatch.,188,GPS Position Mismatch.
1321,GPS Position Mismatch.,188,GPS Position Mismatch.
1322,GPS Position Mismatch.,188,GPS Position Mismatch.
1323,GPS Position Mismatch.,188,GPS Position Mismatch.
1324,GPS Position Mismatch.,188,GPS Position Mismatch.
1325,GPS Position Mismatch.,188,GPS Position Mismatch.
1326,GPS Position Mismatch.,188,GPS Position Mismatch.
1327,GPS Position Mismatch.,188,GPS Position Mismatch.
1328,GPS Position Mismatch.,188,GPS Position Mismatch.
1329,GPS Position Mismatch.,188,GPS Position Mismatch.
1330,GPS Position Mismatch.,188,GPS Position Mismatch.
1331,GPS Position Mismatch.,188,GPS Position Mismatch.
1332,GPS Position Mismatch.,188,GPS Position Mismatch.
1333,GPS Position Mismatch.,188,GPS Position Mismatch.
1334,GPS Position Mismatch.,188,GPS Position Mismatch.
1335,GPS Position Mismatch.,188,GPS Position Mismatch.
1336,GPS Position Mismatch.,188,GPS Position Mismatch.
1337,GPS Position Mismatch.,188,GPS Position Mismatch.
1338,GPS Position Mismatch.,188,GPS Position Mismatch.
1339,GPS Position Mismatch.,188,GPS Position Mismatch.
1340,GPS Position Mismatch.,188,GPS Position Mismatch.
1341,GPS Position Mismatch.,188,GPS Position Mismatch.
1342,GPS Position Mismatch.,188,GPS Position Mismatch.
1343,GPS Position Mismatch.,188,GPS Position Mismatch.
1344,GPS Position Mismatch.,188,GPS Position Mismatch.
1345,GPS Position Mismatch.,188,GPS Position Mismatch.
1346,GPS Position Mismatch.,188,GPS Position Mismatch.
1347,GPS Position Mismatch.,188,GPS Position Mismatch.
1348,GPS Position Mismatch.,188,GPS Position Mismatch.
1349,GPS Position Mismatch.,188,GPS Position Mismatch.
1350,GPS Position Mismatch.,188,GPS Position Mismatch.
1351,GPS Position Mismatch.,188,GPS Position Mismatch.
1352,Landing.,280,Landing.
1353,Data Recorder File Index is 57.,109,Data Recorder File Index is 57.
1354,Home Point Updated.,166,Home Point Updated.
1355,Obstacle Sensing will be disabled when aircraft is landing. Fly with caution.,169,Obstacle Sensing will be disabled when aircraft is landing. Fly with caution.
1356,Maximum flight distance reached. Adjust the distance in MC Settings if required.,44,Maximum flight distance reached. Adjust the distance in MC Settings if required.
1357,Weak signal. Avoid blocking the antennas and keep the antennas parallel to and facing toward the aircraft during flight.,158,Weak signal. Avoid blocking the antennas and keep the antennas parallel to and facing toward the aircraft during flight.
1358,High wind velocity. Ensure the aircraft remains within your line of sight and fly with caution.,43,High wind velocity. Ensure the aircraft remains within your line of sight and fly with caution.
1359,Maximum flight distance reached. Adjust the distance in MC Settings if required.,44,Maximum flight distance reached. Adjust the distance in MC Settings if required.
1360,High wind velocity. Ensure the aircraft remains within your line of sight and fly with caution.,43,High wind velocity. Ensure the aircraft remains within your line of sight and fly with caution.
1361,Data Recorder File Index is 45.,109,Data Recorder File Index is 45.
1362,Home Point Updated.,166,Home Point Updated.
1363,Obstacle Sensing will be disabled when aircraft is landing. Fly with caution.,169,Obstacle Sensing will be disabled when aircraft is landing. Fly with caution.
1364,Tap the screen to focus.,81,Tap the screen to focus.
1365,Downlink Lost.,120,Downlink Lost.
1366,Data Recorder File Index is 7.,109,Data Recorder File Index is 7.
1367,Home Point Updated.,166,Home Point Updated.
1368,Home Point recorded. Return-to-Home Altitude : 98FT.,12,Home Point recorded. Return-to-Home Altitude : 98FT.
1369,"To take off in non-P mode, toggle Flight Mode Switch to another mode and then toggle it back.",486,"To take off in non-P mode, toggle Flight Mode Switch to another mode and then toggle it back."
1370,Switched to P (Positioning)-mode.,499,Switched to P (Positioning)-mode.
1371,Switched to T (Tripod)-mode.,413,Switched to T (Tripod)-mode.
1372,Switched to P (Positioning)-mode.,499,Switched to P (Positioning)-mode.
1373,Switched to S (Sport)-mode.,475,Switched to S (Sport)-mode.
1374,Weak signal. Avoid blocking the antennas and keep the antennas parallel to and facing toward the aircraft during flight.,158,Weak signal. Avoid blocking the antennas and keep the antennas parallel to and facing toward the aircraft during flight.
1375,Intelligent Flight Modes have not been enabled. Enable this option in Main Controller Settings if needed.,390,Intelligent Flight Modes have not been enabled. Enable this option in Main Controller Settings if needed.
1376,Maximum flight distance reached. Adjust the distance in MC Settings if required.,44,Maximum flight distance reached. Adjust the distance in MC Settings if required.
1377,Weak signal. Avoid blocking the antennas and keep the antennas parallel to and facing toward the aircraft during flight.,158,Weak signal. Avoid blocking the antennas and keep the antennas parallel to and facing toward the aircraft during flight.
1378,Home Point Recorded. RTH Altitude : 30m.,12,Home Point Recorded. RTH Altitude : 30m.
1379,Max Flight Altitude Reached. Adjust in Main Controller Settings if necessary,15,Max Flight Altitude Reached. Adjust in Main Controller Settings if necessary
1380,Home Point Recorded. RTH Altitude : 30m.,12,Home Point Recorded. RTH Altitude : 30m.
1381,Max Flight Distance Reached. Adjust in Main Controller Settings if necessary.,44,Max Flight Distance Reached. Adjust in Main Controller Settings if necessary.
1382,Mobile device version too old to support HD image transmission and the image transmission mode has been switch to normal mode.,205,Mobile device version too old to support HD image transmission and the image transmission mode has been switch to normal mode.
1383,Intelligent Flight Modes have not been enabled. Enable this option in Main Controller Settings if needed.,390,Intelligent Flight Modes have not been enabled. Enable this option in Main Controller Settings if needed.
1384,Home Point recorded. Return-to-Home Altitude : 98FT,12,Home Point recorded. Return-to-Home Altitude : 98FT
1385,Strong Remote Controller Interference.,297,Strong Remote Controller Interference.
1386,Data Recorder File Index is 7.,109,Data Recorder File Index is 7.
1387,Home Point Updated.,166,Home Point Updated.
1388,Home Point recorded. Return-to-Home Altitude : 98FT.,12,Home Point recorded. Return-to-Home Altitude : 98FT.
1389,Downlink Restored (after 0m 1s).,505,Downlink Restored (after 0m 1s).
1390,Downlink Restored (after 0m 2.3s).,505,Downlink Restored (after 0m 2.3s).
1391,Downlink Restored (after 0m 1.1s).,505,Downlink Restored (after 0m 1.1s).
1392,Downlink Restored (after 0m 1.7s).,505,Downlink Restored (after 0m 1.7s).
1393,Downlink Restored (after 0m 2.9s).,505,Downlink Restored (after 0m 2.9s).
1394,Downlink Restored (after 0m 1s).,505,Downlink Restored (after 0m 1s).
1395,Downlink Restored (after 0m 1s).,505,Downlink Restored (after 0m 1s).
1396,Downlink Lost.,120,Downlink Lost.
1397,Downlink Lost.,120,Downlink Lost.
1398,Downlink Lost.,120,Downlink Lost.
1399,Downlink Lost.,120,Downlink Lost.
1400,Downlink Lost.,120,Downlink Lost.
1401,Downlink Lost.,120,Downlink Lost.
1402,Downlink Lost.,120,Downlink Lost.
1403,Downlink Lost.,120,Downlink Lost.
1404,Strong Remote Controller Interference.,297,Strong Remote Controller Interference.
1405,Not Allowed to change Aircraft Mode. If needed,32,Not Allowed to change Aircraft Mode. If needed
1406,Not Allowed to change Aircraft Mode. If needed,32,Not Allowed to change Aircraft Mode. If needed
1407,Home Point Recorded. RTH Altitude : 30m.,12,Home Point Recorded. RTH Altitude : 30m.
1408,Tap the screen lightly to focus.,81,Tap the screen lightly to focus.
1409,Tap the screen lightly to focus.,81,Tap the screen lightly to focus.
1410,Taking Off.,162,Taking Off.
1411,Aircraft is returning to the Home Point. RTH Altitude is 30m. You can reset the RTH Altitude in Remote Controller Settings after cancelling RTH if necessary.,74,Aircraft is returning to the Home Point. RTH Altitude is 30m. You can reset the RTH Altitude in Remote Controller Settings after cancelling RTH if necessary.
1412,Data Recorder File Index is 29.,109,Data Recorder File Index is 29.
1413,Taking Off.,162,Taking Off.
1414,Home Point Updated.,166,Home Point Updated.
1415,Aircraft is returning to the Home Point. RTH Altitude is 30m. You can reset the RTH Altitude in Remote Controller Settings after cancelling RTH if necessary.,74,Aircraft is returning to the Home Point. RTH Altitude is 30m. You can reset the RTH Altitude in Remote Controller Settings after cancelling RTH if necessary.
1416,Home Point Recorded. RTH Altitude : 30m.,12,Home Point Recorded. RTH Altitude : 30m.
1417,In Flight.,363,In Flight.
1418,In Flight.,363,In Flight.
1419,In Flight.,363,In Flight.
1420,In Flight.,363,In Flight.
1421,In Flight.,363,In Flight.
1422,In Flight.,363,In Flight.
1423,In Flight.,363,In Flight.
1424,Obstacle Avoidance will be disabled in landing.,444,Obstacle Avoidance will be disabled in landing.
1425,Home Point Recorded. RTH Altitude : 30m.,12,Home Point Recorded. RTH Altitude : 30m.
1426,Home Point Recorded. RTH Altitude : 30m.,12,Home Point Recorded. RTH Altitude : 30m.
1427,Max Flight Distance Reached. Adjust in Main Controller Settings if necessary.,44,Max Flight Distance Reached. Adjust in Main Controller Settings if necessary.
1428,Max Flight Distance Reached. Adjust in Main Controller Settings if necessary.,44,Max Flight Distance Reached. Adjust in Main Controller Settings if necessary.
1429,"Aircraft is in Attitude mode, so that it will not hover. Please fly with caution.",265,"Aircraft is in Attitude mode, so that it will not hover. Please fly with caution."
1430,Home Point Recorded.,57,Home Point Recorded.
1431,Taking Off.,162,Taking Off.
1432,Return-to-Home Altitude : 65FT,95,Return-to-Home Altitude : 65FT
1433,Home Point Recorded.,57,Home Point Recorded.
1434,Large Wind Velocity. Fly with caution.,108,Large Wind Velocity. Fly with caution.
1435,Landing.,280,Landing.
1436,SD card write speed is too slow. Not suitable for shooting a 4K video.,156,SD card write speed is too slow. Not suitable for shooting a 4K video.
1437,Maximum flight distance reached. Adjust the distance in MC Settings if required.,44,Maximum flight distance reached. Adjust the distance in MC Settings if required.
1438,Weak signal. Avoid blocking the antennas and keep the antennas parallel to and facing toward the aircraft during flight.,158,Weak signal. Avoid blocking the antennas and keep the antennas parallel to and facing toward the aircraft during flight.
1439,High wind velocity. Ensure the aircraft remains within your line of sight and fly with caution.,43,High wind velocity. Ensure the aircraft remains within your line of sight and fly with caution.
1440,Maximum flight distance reached. Adjust the distance in MC Settings if required.,44,Maximum flight distance reached. Adjust the distance in MC Settings if required.
1441,Obstacle Sensing will be disabled when aircraft is landing. Fly with caution.,169,Obstacle Sensing will be disabled when aircraft is landing. Fly with caution.
1442,Backward Obstacle Sensing is not functioning.,30,Backward Obstacle Sensing is not functioning.
1443,Sensing system is blocked or too close to the obstacle.,230,Sensing system is blocked or too close to the obstacle.
1444,Weak GPS signal. Aircraft is in Attitude mode and hovering may be unstable. Fly with caution.,432,Weak GPS signal. Aircraft is in Attitude mode and hovering may be unstable. Fly with caution.
1445,Data Recorder File Index is 46.,109,Data Recorder File Index is 46.
1446,RTH Altitude : 65FT.,115,RTH Altitude : 65FT.
1447,Taking off.,162,Taking off.
1448,Home Point Recorded.,57,Home Point Recorded.
1449,Home Point Updated.,166,Home Point Updated.
1450,GPS Position Mismatch.,188,GPS Position Mismatch.
1451,GPS Position Mismatch.,188,GPS Position Mismatch.
1452,GPS Position Mismatch.,188,GPS Position Mismatch.
1453,GPS Position Mismatch.,188,GPS Position Mismatch.
1454,GPS Position Mismatch.,188,GPS Position Mismatch.
1455,GPS Position Mismatch.,188,GPS Position Mismatch.
1456,GPS Position Mismatch.,188,GPS Position Mismatch.
1457,GPS Position Mismatch.,188,GPS Position Mismatch.
1458,GPS Position Mismatch.,188,GPS Position Mismatch.
1459,GPS Position Mismatch.,188,GPS Position Mismatch.
1460,GPS Position Mismatch.,188,GPS Position Mismatch.
1461,GPS Position Mismatch.,188,GPS Position Mismatch.
1462,GPS Position Mismatch.,188,GPS Position Mismatch.
1463,GPS Position Mismatch.,188,GPS Position Mismatch.
1464,GPS Position Mismatch.,188,GPS Position Mismatch.
1465,GPS Position Mismatch.,188,GPS Position Mismatch.
1466,Large Wind Velocity.,288,Large Wind Velocity.
1467,GPS Position Mismatch.,188,GPS Position Mismatch.
1468,GPS Position Mismatch.,188,GPS Position Mismatch.
1469,GPS Position Mismatch.,188,GPS Position Mismatch.
1470,GPS Position Mismatch.,188,GPS Position Mismatch.
1471,GPS Position Mismatch.,188,GPS Position Mismatch.
1472,GPS Position Mismatch.,188,GPS Position Mismatch.
1473,GPS Position Mismatch.,188,GPS Position Mismatch.
1474,GPS Position Mismatch.,188,GPS Position Mismatch.
1475,GPS Position Mismatch.,188,GPS Position Mismatch.
1476,GPS Position Mismatch.,188,GPS Position Mismatch.
1477,GPS Position Mismatch.,188,GPS Position Mismatch.
1478,GPS Position Mismatch.,188,GPS Position Mismatch.
1479,GPS Position Mismatch.,188,GPS Position Mismatch.
1480,GPS Position Mismatch.,188,GPS Position Mismatch.
1481,GPS Position Mismatch.,188,GPS Position Mismatch.
1482,GPS Position Mismatch.,188,GPS Position Mismatch.
1483,GPS Position Mismatch.,188,GPS Position Mismatch.
1484,GPS Position Mismatch.,188,GPS Position Mismatch.
1485,GPS Position Mismatch.,188,GPS Position Mismatch.
1486,GPS Position Mismatch.,188,GPS Position Mismatch.
1487,GPS Position Mismatch.,188,GPS Position Mismatch.
1488,GPS Position Mismatch.,188,GPS Position Mismatch.
1489,GPS Position Mismatch.,188,GPS Position Mismatch.
1490,GPS Position Mismatch.,188,GPS Position Mismatch.
1491,GPS Position Mismatch.,188,GPS Position Mismatch.
1492,GPS Position Mismatch.,188,GPS Position Mismatch.
1493,GPS Position Mismatch.,188,GPS Position Mismatch.
1494,GPS Position Mismatch.,188,GPS Position Mismatch.
1495,GPS Position Mismatch.,188,GPS Position Mismatch.
1496,GPS Position Mismatch.,188,GPS Position Mismatch.
1497,GPS Position Mismatch.,188,GPS Position Mismatch.
1498,GPS Position Mismatch.,188,GPS Position Mismatch.
1499,GPS Position Mismatch.,188,GPS Position Mismatch.
1500,GPS Position Mismatch.,188,GPS Position Mismatch.
1501,GPS Position Mismatch.,188,GPS Position Mismatch.
1502,Landing.,280,Landing.
1503,Data Recorder File Index is 57.,109,Data Recorder File Index is 57.
1504,Home Point Updated.,166,Home Point Updated.
1505,Obstacle Sensing will be disabled when aircraft is landing. Fly with caution.,169,Obstacle Sensing will be disabled when aircraft is landing. Fly with caution.
1506,Maximum flight distance reached. Adjust the distance in MC Settings if required.,44,Maximum flight distance reached. Adjust the distance in MC Settings if required.
1507,Weak signal. Avoid blocking the antennas and keep the antennas parallel to and facing toward the aircraft during flight.,158,Weak signal. Avoid blocking the antennas and keep the antennas parallel to and facing toward the aircraft during flight.
1508,High wind velocity. Ensure the aircraft remains within your line of sight and fly with caution.,43,High wind velocity. Ensure the aircraft remains within your line of sight and fly with caution.
1509,Maximum flight distance reached. Adjust the distance in MC Settings if required.,44,Maximum flight distance reached. Adjust the distance in MC Settings if required.
1510,High wind velocity. Ensure the aircraft remains within your line of sight and fly with caution.,43,High wind velocity. Ensure the aircraft remains within your line of sight and fly with caution.
1511,Remote controller assisted takeoff initiated.,274,Remote controller assisted takeoff initiated.
1512,"To take off in non-P mode, toggle Flight Mode Switch to another mode and then toggle it back.",486,"To take off in non-P mode, toggle Flight Mode Switch to another mode and then toggle it back."
1513,"To take off in non-P mode, toggle Flight Mode Switch to another mode and then toggle it back.",486,"To take off in non-P mode, toggle Flight Mode Switch to another mode and then toggle it back."
1514,SD card write speed is too slow. Not suitable for shooting a 4K video.,156,SD card write speed is too slow. Not suitable for shooting a 4K video.
1515,"To take off in non-P mode, toggle Flight Mode Switch to another mode and then toggle it back.",486,"To take off in non-P mode, toggle Flight Mode Switch to another mode and then toggle it back."
1516,SD card write speed is too slow. Not suitable for shooting a 4K video.,156,SD card write speed is too slow. Not suitable for shooting a 4K video.
1517,Remote controller assisted takeoff initiated.,274,Remote controller assisted takeoff initiated.
1518,Motor or propeller error. Check the motors and propellers.,253,Motor or propeller error. Check the motors and propellers.
1519,Remote controller assisted takeoff initiated.,274,Remote controller assisted takeoff initiated.
1520,Home Point recorded. Return-to-Home Altitude : 98FT,12,Home Point recorded. Return-to-Home Altitude : 98FT
1521,High wind velocity. Fly with caution.,108,High wind velocity. Fly with caution.
1522,High wind velocity. Fly with caution.,108,High wind velocity. Fly with caution.
1523,High wind velocity. Fly with caution.,108,High wind velocity. Fly with caution.
1524,SD card write speed is too slow. Not suitable for shooting a 4K video.,156,SD card write speed is too slow. Not suitable for shooting a 4K video.
1525,High wind velocity. Fly with caution.,108,High wind velocity. Fly with caution.
1526,High wind velocity. Fly with caution.,108,High wind velocity. Fly with caution.
1527,High wind velocity. Fly with caution.,108,High wind velocity. Fly with caution.
1528,High wind velocity. Fly with caution.,108,High wind velocity. Fly with caution.
1529,Obstacle Sensing will be disabled when aircraft is landing. Fly with caution.,169,Obstacle Sensing will be disabled when aircraft is landing. Fly with caution.
1530,Data Recorder File Index is 12.,109,Data Recorder File Index is 12.
1531,Home Point Updated.,166,Home Point Updated.
1532,Remote controller assisted takeoff initiated.,274,Remote controller assisted takeoff initiated.
1533,Data Recorder File Index is 15.,109,Data Recorder File Index is 15.
1534,Remote controller assisted takeoff initiated.,274,Remote controller assisted takeoff initiated.
1535,Data Recorder File Index is 15.,109,Data Recorder File Index is 15.
1536,Home Point Updated.,166,Home Point Updated.
1537,Home Point recorded. Return-to-Home Altitude : 98FT.,12,Home Point recorded. Return-to-Home Altitude : 98FT.
1538,Remote controller assisted takeoff initiated.,274,Remote controller assisted takeoff initiated.
1539,SD card write speed is too slow. Not suitable for shooting a 4K video.,156,SD card write speed is too slow. Not suitable for shooting a 4K video.
1540,High wind velocity. Fly with caution.,108,High wind velocity. Fly with caution.
1541,High wind velocity. Fly with caution.,108,High wind velocity. Fly with caution.
1542,High wind velocity. Fly with caution.,108,High wind velocity. Fly with caution.
1543,High wind velocity. Fly with caution.,108,High wind velocity. Fly with caution.
1544,High wind velocity. Fly with caution.,108,High wind velocity. Fly with caution.
1545,High wind velocity. Fly with caution.,108,High wind velocity. Fly with caution.
1546,High wind velocity. Fly with caution.,108,High wind velocity. Fly with caution.
1547,Home Point Recorded. RTH Altitude : 30m.,12,Home Point Recorded. RTH Altitude : 30m.
1548,Strong Interference to Aircraft. Signal interruption may be more likely. Fly with caution.,428,Strong Interference to Aircraft. Signal interruption may be more likely. Fly with caution.
1549,Strong Interference to Aircraft. Signal interruption may be more likely. Fly with caution.,428,Strong Interference to Aircraft. Signal interruption may be more likely. Fly with caution.
1550,Strong Interference to Aircraft. Signal interruption may be more likely. Fly with caution.,428,Strong Interference to Aircraft. Signal interruption may be more likely. Fly with caution.
1551,Strong Interference to Aircraft. Signal interruption may be more likely. Fly with caution.,428,Strong Interference to Aircraft. Signal interruption may be more likely. Fly with caution.
1552,Strong Interference to Aircraft. Signal interruption may be more likely. Fly with caution.,428,Strong Interference to Aircraft. Signal interruption may be more likely. Fly with caution.
1553,Fly with caution and ensure the aircraft remains within your line of sight.,360,Fly with caution and ensure the aircraft remains within your line of sight.
1554,The remaining battery is only enough for RTH. Return home now.,86,The remaining battery is only enough for RTH. Return home now.
1555,Obstacle Avoidance will be disabled in landing.,444,Obstacle Avoidance will be disabled in landing.
1556,Home Point Recorded. RTH Altitude : 30m.,12,Home Point Recorded. RTH Altitude : 30m.
1557,Home Point Recorded. RTH Altitude : 30m.,12,Home Point Recorded. RTH Altitude : 30m.
1558,Fly with caution and ensure the aircraft remains within your line of sight.,360,Fly with caution and ensure the aircraft remains within your line of sight.
1559,Attitude is too large.,351,Attitude is too large.
1560,Attitude is too large.,351,Attitude is too large.
1561,Attitude is too large.,351,Attitude is too large.
1562,Fly with caution and ensure the aircraft remains within your line of sight.,360,Fly with caution and ensure the aircraft remains within your line of sight.
1563,Attitude is too large.,351,Attitude is too large.
1564,Attitude is too large.,351,Attitude is too large.
1565,Attitude is too large.,351,Attitude is too large.
1566,Attitude is too large.,351,Attitude is too large.
1567,Attitude is too large.,351,Attitude is too large.
1568,Attitude is too large.,351,Attitude is too large.
1569,High wind velocity. Fly with caution and land in a safe place ASAP.,108,High wind velocity. Fly with caution and land in a safe place ASAP.
1570,Attitude is too large.,351,Attitude is too large.
1571,Attitude is too large.,351,Attitude is too large.
1572,Attitude is too large.,351,Attitude is too large.
1573,Attitude is too large.,351,Attitude is too large.
1574,Attitude is too large.,351,Attitude is too large.
1575,Attitude is too large.,351,Attitude is too large.
1576,Attitude is too large.,351,Attitude is too large.
1577,Attitude is too large.,351,Attitude is too large.
1578,Attitude is too large.,351,Attitude is too large.
1579,Attitude is too large.,351,Attitude is too large.
1580,Attitude is too large.,351,Attitude is too large.
1581,Attitude is too large.,351,Attitude is too large.
1582,Attitude is too large.,351,Attitude is too large.
1583,Attitude is too large.,351,Attitude is too large.
1584,Attitude is too large.,351,Attitude is too large.
1585,Fly with caution and ensure the aircraft remains within your line of sight.,360,Fly with caution and ensure the aircraft remains within your line of sight.
1586,Fly with caution and ensure the aircraft remains within your line of sight.,360,Fly with caution and ensure the aircraft remains within your line of sight.
1587,Attitude is too large.,351,Attitude is too large.
1588,Attitude is too large.,351,Attitude is too large.
1589,Attitude is too large.,351,Attitude is too large.
1590,Attitude is too large.,351,Attitude is too large.
1591,Attitude is too large.,351,Attitude is too large.
1592,Attitude is too large.,351,Attitude is too large.
1593,Fly with caution and ensure the aircraft remains within your line of sight.,360,Fly with caution and ensure the aircraft remains within your line of sight.
1594,Fly with caution and ensure the aircraft remains within your line of sight.,360,Fly with caution and ensure the aircraft remains within your line of sight.
1595,Obstacle Avoidance will be disabled in landing.,444,Obstacle Avoidance will be disabled in landing.
1596,Satellite positioning off. Fly with Caution.,206,Satellite positioning off. Fly with Caution.
1597,Satellite positioning off. Fly with Caution.,206,Satellite positioning off. Fly with Caution.
1598,Satellite positioning off. Fly with Caution.,206,Satellite positioning off. Fly with Caution.
1599,Satellite positioning off. Fly with Caution.,206,Satellite positioning off. Fly with Caution.
1600,Taking Off.,162,Taking Off.
1601,Taking Off.,162,Taking Off.
1602,"Home Point Recorded, Return-to-Home Altitude : 98FT",12,"Home Point Recorded, Return-to-Home Altitude : 98FT"
1603,"Home Point Recorded, Return-to-Home Altitude : 98FT",12,"Home Point Recorded, Return-to-Home Altitude : 98FT"
1604,Tap the screen lightly to focus.,81,Tap the screen lightly to focus.
1605,Tap the screen lightly to focus.,81,Tap the screen lightly to focus.
1606,Ground Plain. Safe to Land.,145,Ground Plain. Safe to Land.
1607,Ground Plain. Safe to Land.,145,Ground Plain. Safe to Land.
1608,Aircraft is returning to the Home Point. Minimum RTH Altitude is 30m. You can reset the RTH Altitude in Remote Controller Settings after cancelling RTH if necessary.,74,Aircraft is returning to the Home Point. Minimum RTH Altitude is 30m. You can reset the RTH Altitude in Remote Controller Settings after cancelling RTH if necessary.
1609,Aircraft is returning to the Home Point. Minimum RTH Altitude is 30m. You can reset the RTH Altitude in Remote Controller Settings after cancelling RTH if necessary.,74,Aircraft is returning to the Home Point. Minimum RTH Altitude is 30m. You can reset the RTH Altitude in Remote Controller Settings after cancelling RTH if necessary.
1610,Descending. Exited Visual Avoidance System,3,Descending. Exited Visual Avoidance System
1611,Descending. Exited Visual Avoidance System,3,Descending. Exited Visual Avoidance System
1612,Precision Landing,47,Precision Landing
1613,Rectifying aircraft position,298,Rectifying aircraft position
1614,Precision Landing,47,Precision Landing
1615,Rectifying aircraft position,298,Rectifying aircraft position
1616,Data Recorder File Index is 7.,109,Data Recorder File Index is 7.
1617,Taking off.,162,Taking off.
1618,Home Point Recorded.,57,Home Point Recorded.
1619,Return-to-Home Altitude : 98FT.,95,Return-to-Home Altitude : 98FT.
1620,Tap the screen lightly to focus.,81,Tap the screen lightly to focus.
1621,Tap the screen lightly to focus.,81,Tap the screen lightly to focus.
1622,RTH : Preascending.,439,RTH : Preascending.
1623,Aircraft is returning to the Home Point. Minimum RTH Altitude is 30m. You can reset the RTH Altitude in Remote Controller Settings after cancelling RTH if necessary.,74,Aircraft is returning to the Home Point. Minimum RTH Altitude is 30m. You can reset the RTH Altitude in Remote Controller Settings after cancelling RTH if necessary.
1624,RTH : Heading alignment.,121,RTH : Heading alignment.
1625,RTH : Ascending to RTH altitude.,553,RTH : Ascending to RTH altitude.
1626,RTH : Cruise.,101,RTH : Cruise.
1627,Exited Visual Avoidance System.,3,Exited Visual Avoidance System.
1628,Precision Landing. Rectifying aircraft position.,47,Precision Landing. Rectifying aircraft position.
1629,Ground Plain. Safe to Land.,145,Ground Plain. Safe to Land.
1630,Ground Plain. Safe to Land.,145,Ground Plain. Safe to Land.
1631,Precision Landing. Rectifying aircraft position.,47,Precision Landing. Rectifying aircraft position.
1632,Taking Off.,162,Taking Off.
1633,Taking Off.,162,Taking Off.
1634,Home Point Recorded. RTH Altitude : 30m.,12,Home Point Recorded. RTH Altitude : 30m.
1635,Tap the screen lightly to focus.,81,Tap the screen lightly to focus.
1636,Max Flight Distance Reached. Adjust in Main Controller Settings if necessary.,44,Max Flight Distance Reached. Adjust in Main Controller Settings if necessary.
1637,Max Flight Distance Reached. Adjust in Main Controller Settings if necessary.,44,Max Flight Distance Reached. Adjust in Main Controller Settings if necessary.
1638,Max Flight Distance Reached. Adjust in Main Controller Settings if necessary.,44,Max Flight Distance Reached. Adjust in Main Controller Settings if necessary.
1639,Max Flight Distance Reached. Adjust in Main Controller Settings if necessary.,44,Max Flight Distance Reached. Adjust in Main Controller Settings if necessary.
1640,Landing.,280,Landing.
1641,Obstacle Avoidance will be disabled in landing.,444,Obstacle Avoidance will be disabled in landing.
1642,Landing Canceled.,410,Landing Canceled.
1643,Max Flight Distance Reached. Adjust in Main Controller Settings if necessary.,44,Max Flight Distance Reached. Adjust in Main Controller Settings if necessary.
1644,Obstacle Avoidance will be disabled in landing.,444,Obstacle Avoidance will be disabled in landing.
1645,Taking Off.,162,Taking Off.
1646,Taking Off.,162,Taking Off.
1647,Home Point Recorded. RTH Altitude : 30m.,12,Home Point Recorded. RTH Altitude : 30m.
1648,Landing.,280,Landing.
1649,Obstacle Avoidance will be disabled in landing.,444,Obstacle Avoidance will be disabled in landing.
1650,Ground Plain. Safe to Land.,145,Ground Plain. Safe to Land.
1651,Taking Off.,162,Taking Off.
1652,Taking Off.,162,Taking Off.
1653,Home Point Recorded. RTH Altitude : 30m.,12,Home Point Recorded. RTH Altitude : 30m.
1654,Aircraft is returning to the Home Point. Minimum RTH Altitude is 98ft. You can reset the RTH Altitude in Remote Controller Settings after cancelling RTH.,74,Aircraft is returning to the Home Point. Minimum RTH Altitude is 98ft. You can reset the RTH Altitude in Remote Controller Settings after cancelling RTH.
1655,Obstacle Avoidance will be disabled in landing.,444,Obstacle Avoidance will be disabled in landing.
1656,Locating Landing Point,153,Locating Landing Point
1657,Landing Canceled.,410,Landing Canceled.
1658,Forward Obstacle Sensing not Responding,30,Forward Obstacle Sensing not Responding
1659,Obstacle Avoidance will be disabled in landing.,444,Obstacle Avoidance will be disabled in landing.
1660,Taking Off.,162,Taking Off.
1661,Taking Off.,162,Taking Off.
1662,Home Point Recorded. RTH Altitude : 30m.,12,Home Point Recorded. RTH Altitude : 30m.
1663,Tap the screen lightly to focus.,81,Tap the screen lightly to focus.
1664,Max Flight Distance Reached. Adjust in Main Controller Settings if necessary.,44,Max Flight Distance Reached. Adjust in Main Controller Settings if necessary.
1665,Max Flight Distance Reached. Adjust in Main Controller Settings if necessary.,44,Max Flight Distance Reached. Adjust in Main Controller Settings if necessary.
1666,Max Flight Distance Reached. Adjust in Main Controller Settings if necessary.,44,Max Flight Distance Reached. Adjust in Main Controller Settings if necessary.
1667,Max Flight Distance Reached. Adjust in Main Controller Settings if necessary.,44,Max Flight Distance Reached. Adjust in Main Controller Settings if necessary.
1668,Landing.,280,Landing.
1669,Obstacle Avoidance will be disabled in landing.,444,Obstacle Avoidance will be disabled in landing.
1670,Landing Canceled.,410,Landing Canceled.
1671,Max Flight Distance Reached. Adjust in Main Controller Settings if necessary.,44,Max Flight Distance Reached. Adjust in Main Controller Settings if necessary.
1672,Obstacle Avoidance will be disabled in landing.,444,Obstacle Avoidance will be disabled in landing.
1673,Taking Off.,162,Taking Off.
1674,Taking Off.,162,Taking Off.
1675,Home Point Recorded. RTH Altitude : 30m.,12,Home Point Recorded. RTH Altitude : 30m.
1676,Landing.,280,Landing.
1677,Obstacle Avoidance will be disabled in landing.,444,Obstacle Avoidance will be disabled in landing.
1678,Ground Plain. Safe to Land.,145,Ground Plain. Safe to Land.
1679,Taking Off.,162,Taking Off.
1680,Taking Off.,162,Taking Off.
1681,Home Point Recorded. RTH Altitude : 30m.,12,Home Point Recorded. RTH Altitude : 30m.
1682,Aircraft is returning to the Home Point. Minimum RTH Altitude is 98ft. You can reset the RTH Altitude in Remote Controller Settings after cancelling RTH.,74,Aircraft is returning to the Home Point. Minimum RTH Altitude is 98ft. You can reset the RTH Altitude in Remote Controller Settings after cancelling RTH.
1683,Obstacle Avoidance will be disabled in landing.,444,Obstacle Avoidance will be disabled in landing.
1684,Locating Landing Point,153,Locating Landing Point
1685,Landing Canceled.,410,Landing Canceled.
1686,Forward Obstacle Sensing not Responding,30,Forward Obstacle Sensing not Responding
1687,Obstacle Avoidance will be disabled in landing.,444,Obstacle Avoidance will be disabled in landing.
1688,"Aircraft is in Attitude mode, so that it will not hover. Please fly with caution.",265,"Aircraft is in Attitude mode, so that it will not hover. Please fly with caution."
1689,Home Point Recorded.,57,Home Point Recorded.
1690,Home Point Recorded.,57,Home Point Recorded.
1691,Return-to-Home Altitude : 65FT,95,Return-to-Home Altitude : 65FT
1692,Landing Gear Raising.,508,Landing Gear Raising.
1693,Landing Gear Raised.,124,Landing Gear Raised.
1694,Landing Gear Lowering.,507,Landing Gear Lowering.
1695,Landing Gear Lowered.,146,Landing Gear Lowered.
1696,Landing Gear Raising.,508,Landing Gear Raising.
1697,Landing Gear Paused.,210,Landing Gear Paused.
1698,"Aircraft is in Attitude mode, so that it will not hover. Please fly with caution.",265,"Aircraft is in Attitude mode, so that it will not hover. Please fly with caution."
1699,Data Recorder File Index is 21.,109,Data Recorder File Index is 21.
1700,Home Point Recorded.,57,Home Point Recorded.
1701,Home Point Updated.,166,Home Point Updated.
1702,RTH Altitude : 65FT.,115,RTH Altitude : 65FT.
1703,Landing Gear Raising.,508,Landing Gear Raising.
1704,Landing Gear Raised.,124,Landing Gear Raised.
1705,Downlink Lost.,120,Downlink Lost.
1706,Landing Gear Lowering.,507,Landing Gear Lowering.
1707,Landing Gear Lowered.,146,Landing Gear Lowered.
1708,Satellite positioning off. Fly with Caution.,206,Satellite positioning off. Fly with Caution.
1709,Tap the screen lightly to focus.,81,Tap the screen lightly to focus.
1710,Taking Off.,162,Taking Off.
1711,Strong Interference Now. Fly with caution.,181,Strong Interference Now. Fly with caution.
1712,Ground Plain. Safe to Land.,145,Ground Plain. Safe to Land.
1713,RTH : Cruise.,101,RTH : Cruise.
1714,Taking off.,162,Taking off.
1715,Strong Interference Now. Fly with caution.,181,Strong Interference Now. Fly with caution.
1716,Data Recorder File Index is 3.,109,Data Recorder File Index is 3.
1717,Home Point Updated.,166,Home Point Updated.
1718,RTH : Preascending.,439,RTH : Preascending.
1719,Aircraft is returning to the Home Point. Minimum RTH Altitude is 30m. You can reset the RTH Altitude in Remote Controller Settings after cancelling RTH if necessary.,74,Aircraft is returning to the Home Point. Minimum RTH Altitude is 30m. You can reset the RTH Altitude in Remote Controller Settings after cancelling RTH if necessary.
1720,RTH : Heading alignment.,121,RTH : Heading alignment.
1721,RTH : Ascending to RTH altitude.,553,RTH : Ascending to RTH altitude.
1722,RTH : Cruise.,101,RTH : Cruise.
1723,Exited Visual Avoidance System.,3,Exited Visual Avoidance System.
1724,Precision Landing. Rectifying aircraft position.,47,Precision Landing. Rectifying aircraft position.
1725,Precision Landing. Rectifying aircraft position.,47,Precision Landing. Rectifying aircraft position.
1726,Precision Landing. Rectifying aircraft position.,47,Precision Landing. Rectifying aircraft position.
1727,Precision Landing. Rectifying aircraft position.,47,Precision Landing. Rectifying aircraft position.
1728,Precision Landing. Rectifying aircraft position.,47,Precision Landing. Rectifying aircraft position.
1729,Precision Landing. Rectifying aircraft position.,47,Precision Landing. Rectifying aircraft position.
1730,Precision Landing. Rectifying aircraft position.,47,Precision Landing. Rectifying aircraft position.
1731,Precision Landing. Rectifying aircraft position.,47,Precision Landing. Rectifying aircraft position.
1732,Precision Landing. Rectifying aircraft position.,47,Precision Landing. Rectifying aircraft position.
1733,Precision Landing. Rectifying aircraft position.,47,Precision Landing. Rectifying aircraft position.
1734,Precision Landing. Rectifying aircraft position.,47,Precision Landing. Rectifying aircraft position.
1735,Precision Landing. Rectifying aircraft position.,47,Precision Landing. Rectifying aircraft position.
1736,Precision Landing. Rectifying aircraft position.,47,Precision Landing. Rectifying aircraft position.
1737,Precision Landing. Rectifying aircraft position.,47,Precision Landing. Rectifying aircraft position.
1738,Precision Landing. Rectifying aircraft position.,47,Precision Landing. Rectifying aircraft position.
1739,Precision Landing. Rectifying aircraft position.,47,Precision Landing. Rectifying aircraft position.
1740,Precision Landing. Rectifying aircraft position.,47,Precision Landing. Rectifying aircraft position.
1741,Precision Landing. Rectifying aircraft position.,47,Precision Landing. Rectifying aircraft position.
1742,Precision Landing. Rectifying aircraft position.,47,Precision Landing. Rectifying aircraft position.
1743,Precision Landing. Rectifying aircraft position.,47,Precision Landing. Rectifying aircraft position.
1744,Precision Landing. Rectifying aircraft position.,47,Precision Landing. Rectifying aircraft position.
1745,Precision Landing. Rectifying aircraft position.,47,Precision Landing. Rectifying aircraft position.
1746,Ground Plain. Safe to Land.,145,Ground Plain. Safe to Land.
1747,Taking Off.,162,Taking Off.
1748,Taking Off.,162,Taking Off.
1749,Home Point Recorded. RTH Altitude : 30m.,12,Home Point Recorded. RTH Altitude : 30m.
1750,Tap the screen lightly to focus.,81,Tap the screen lightly to focus.
1751,In Flight.,363,In Flight.
1752,In Flight.,363,In Flight.
1753,Compass Redundancy Switch,19,Compass Redundancy Switch
1754,Tap the screen lightly to focus.,81,Tap the screen lightly to focus.
1755,Tap the screen lightly to focus.,81,Tap the screen lightly to focus.
1756,Aircraft is returning to the Home Point. Minimum RTH Altitude is30m. You can reset the RTH Altitude in Remote Controller Settings after cancelling RTH.,74,Aircraft is returning to the Home Point. Minimum RTH Altitude is30m. You can reset the RTH Altitude in Remote Controller Settings after cancelling RTH.
1757,Obstacle Avoidance will be disabled in landing.,444,Obstacle Avoidance will be disabled in landing.
1758,Locating Landing Point,153,Locating Landing Point
1759,Ground Plain. Safe to Land.,145,Ground Plain. Safe to Land.
1760,"Aircraft is in Attitude mode, so that it will not hover. Please fly with caution.",265,"Aircraft is in Attitude mode, so that it will not hover. Please fly with caution."
1761,Home Point Recorded.,57,Home Point Recorded.
1762,Taking Off.,162,Taking Off.
1763,Return-to-Home Altitude : 65FT,95,Return-to-Home Altitude : 65FT
1764,Home Point Recorded.,57,Home Point Recorded.
1765,Large Wind Velocity. Fly with caution.,108,Large Wind Velocity. Fly with caution.
1766,Landing.,280,Landing.
1767,Weak GPS signal. Aircraft is in Attitude mode and hovering may be unstable. Fly with caution.,432,Weak GPS signal. Aircraft is in Attitude mode and hovering may be unstable. Fly with caution.
1768,Tap the screen to focus.,81,Tap the screen to focus.
1769,Obstacle Sensing will be disabled when aircraft is landing. Fly with caution.,169,Obstacle Sensing will be disabled when aircraft is landing. Fly with caution.
1770,SD card write speed is too slow. Not suitable for shooting a 4K video.,156,SD card write speed is too slow. Not suitable for shooting a 4K video.
1771,Maximum flight distance reached. Adjust the distance in MC Settings if required.,44,Maximum flight distance reached. Adjust the distance in MC Settings if required.
1772,Weak signal. Avoid blocking the antennas and keep the antennas parallel to and facing toward the aircraft during flight.,158,Weak signal. Avoid blocking the antennas and keep the antennas parallel to and facing toward the aircraft during flight.
1773,High wind velocity. Ensure the aircraft remains within your line of sight and fly with caution.,43,High wind velocity. Ensure the aircraft remains within your line of sight and fly with caution.
1774,Maximum flight distance reached. Adjust the distance in MC Settings if required.,44,Maximum flight distance reached. Adjust the distance in MC Settings if required.
1775,Obstacle Sensing will be disabled when aircraft is landing. Fly with caution.,169,Obstacle Sensing will be disabled when aircraft is landing. Fly with caution.
1776,Backward Obstacle Sensing is not functioning.,30,Backward Obstacle Sensing is not functioning.
1777,Sensing system is blocked or too close to the obstacle.,230,Sensing system is blocked or too close to the obstacle.
1778,Weak GPS signal. Aircraft is in Attitude mode and hovering may be unstable. Fly with caution.,432,Weak GPS signal. Aircraft is in Attitude mode and hovering may be unstable. Fly with caution.
1779,Data Recorder File Index is 46.,109,Data Recorder File Index is 46.
1780,RTH Altitude : 65FT.,115,RTH Altitude : 65FT.
1781,Taking off.,162,Taking off.
1782,Home Point Recorded.,57,Home Point Recorded.
1783,Home Point Updated.,166,Home Point Updated.
1784,GPS Position Mismatch.,188,GPS Position Mismatch.
1785,GPS Position Mismatch.,188,GPS Position Mismatch.
1786,GPS Position Mismatch.,188,GPS Position Mismatch.
1787,GPS Position Mismatch.,188,GPS Position Mismatch.
1788,GPS Position Mismatch.,188,GPS Position Mismatch.
1789,GPS Position Mismatch.,188,GPS Position Mismatch.
1790,GPS Position Mismatch.,188,GPS Position Mismatch.
1791,GPS Position Mismatch.,188,GPS Position Mismatch.
1792,GPS Position Mismatch.,188,GPS Position Mismatch.
1793,GPS Position Mismatch.,188,GPS Position Mismatch.
1794,GPS Position Mismatch.,188,GPS Position Mismatch.
1795,GPS Position Mismatch.,188,GPS Position Mismatch.
1796,GPS Position Mismatch.,188,GPS Position Mismatch.
1797,GPS Position Mismatch.,188,GPS Position Mismatch.
1798,GPS Position Mismatch.,188,GPS Position Mismatch.
1799,GPS Position Mismatch.,188,GPS Position Mismatch.
1800,Large Wind Velocity.,288,Large Wind Velocity.
1801,GPS Position Mismatch.,188,GPS Position Mismatch.
1802,GPS Position Mismatch.,188,GPS Position Mismatch.
1803,GPS Position Mismatch.,188,GPS Position Mismatch.
1804,GPS Position Mismatch.,188,GPS Position Mismatch.
1805,GPS Position Mismatch.,188,GPS Position Mismatch.
1806,GPS Position Mismatch.,188,GPS Position Mismatch.
1807,GPS Position Mismatch.,188,GPS Position Mismatch.
1808,GPS Position Mismatch.,188,GPS Position Mismatch.
1809,GPS Position Mismatch.,188,GPS Position Mismatch.
1810,GPS Position Mismatch.,188,GPS Position Mismatch.
1811,GPS Position Mismatch.,188,GPS Position Mismatch.
1812,GPS Position Mismatch.,188,GPS Position Mismatch.
1813,GPS Position Mismatch.,188,GPS Position Mismatch.
1814,GPS Position Mismatch.,188,GPS Position Mismatch.
1815,GPS Position Mismatch.,188,GPS Position Mismatch.
1816,GPS Position Mismatch.,188,GPS Position Mismatch.
1817,GPS Position Mismatch.,188,GPS Position Mismatch.
1818,GPS Position Mismatch.,188,GPS Position Mismatch.
1819,GPS Position Mismatch.,188,GPS Position Mismatch.
1820,GPS Position Mismatch.,188,GPS Position Mismatch.
1821,GPS Position Mismatch.,188,GPS Position Mismatch.
1822,GPS Position Mismatch.,188,GPS Position Mismatch.
1823,GPS Position Mismatch.,188,GPS Position Mismatch.
1824,GPS Position Mismatch.,188,GPS Position Mismatch.
1825,GPS Position Mismatch.,188,GPS Position Mismatch.
1826,GPS Position Mismatch.,188,GPS Position Mismatch.
1827,GPS Position Mismatch.,188,GPS Position Mismatch.
1828,GPS Position Mismatch.,188,GPS Position Mismatch.
1829,GPS Position Mismatch.,188,GPS Position Mismatch.
1830,GPS Position Mismatch.,188,GPS Position Mismatch.
1831,GPS Position Mismatch.,188,GPS Position Mismatch.
1832,GPS Position Mismatch.,188,GPS Position Mismatch.
1833,GPS Position Mismatch.,188,GPS Position Mismatch.
1834,GPS Position Mismatch.,188,GPS Position Mismatch.
1835,GPS Position Mismatch.,188,GPS Position Mismatch.
1836,Landing.,280,Landing.
1837,Data Recorder File Index is 57.,109,Data Recorder File Index is 57.
1838,Home Point Updated.,166,Home Point Updated.
1839,Obstacle Sensing will be disabled when aircraft is landing. Fly with caution.,169,Obstacle Sensing will be disabled when aircraft is landing. Fly with caution.
1840,Maximum flight distance reached. Adjust the distance in MC Settings if required.,44,Maximum flight distance reached. Adjust the distance in MC Settings if required.
1841,Weak signal. Avoid blocking the antennas and keep the antennas parallel to and facing toward the aircraft during flight.,158,Weak signal. Avoid blocking the antennas and keep the antennas parallel to and facing toward the aircraft during flight.
1842,High wind velocity. Ensure the aircraft remains within your line of sight and fly with caution.,43,High wind velocity. Ensure the aircraft remains within your line of sight and fly with caution.
1843,Maximum flight distance reached. Adjust the distance in MC Settings if required.,44,Maximum flight distance reached. Adjust the distance in MC Settings if required.
1844,High wind velocity. Ensure the aircraft remains within your line of sight and fly with caution.,43,High wind velocity. Ensure the aircraft remains within your line of sight and fly with caution.
1845,Data Recorder File Index is 45.,109,Data Recorder File Index is 45.
1846,Home Point Updated.,166,Home Point Updated.
1847,Obstacle Sensing will be disabled when aircraft is landing. Fly with caution.,169,Obstacle Sensing will be disabled when aircraft is landing. Fly with caution.
1848,Tap the screen to focus.,81,Tap the screen to focus.
1849,Downlink Lost.,120,Downlink Lost.
1850,Forward Obstacle Sensing not Working.,30,Forward Obstacle Sensing not Working.
1851,Ambient Light too Weak,65,Ambient Light too Weak
1852,Satellite positioning off. Fly with Caution.,206,Satellite positioning off. Fly with Caution.
1853,Satellite positioning off. Fly with Caution.,206,Satellite positioning off. Fly with Caution.
1854,Satellite positioning off. Fly with Caution.,206,Satellite positioning off. Fly with Caution.
1855,Satellite positioning off. Fly with Caution.,206,Satellite positioning off. Fly with Caution.
1856,Satellite positioning off. Fly with Caution.,206,Satellite positioning off. Fly with Caution.
1857,Taking Off.,162,Taking Off.
1858,"Home Point Recorded, Return-to-Home Altitude : 98FT",12,"Home Point Recorded, Return-to-Home Altitude : 98FT"
1859,Tap the screen lightly to focus.,81,Tap the screen lightly to focus.
1860,Tap the screen lightly to focus.,81,Tap the screen lightly to focus.
1861,Tap the screen lightly to focus.,81,Tap the screen lightly to focus.
1862,Aircraft is returning to the Home Point. Minimum RTH Altitude is 30m. You can reset the RTH Altitude in Remote Controller Settings after cancelling RTH if necessary.,74,Aircraft is returning to the Home Point. Minimum RTH Altitude is 30m. You can reset the RTH Altitude in Remote Controller Settings after cancelling RTH if necessary.
1863,Descending. Exited Visual Avoidance System,3,Descending. Exited Visual Avoidance System
1864,Ground Plain. Safe to Land.,145,Ground Plain. Safe to Land.
1865,Precision Landing,47,Precision Landing
1866,Rectifying aircraft position,298,Rectifying aircraft position
1867,Precision Landing,47,Precision Landing
1868,Rectifying aircraft position,298,Rectifying aircraft position
1869,Precision Landing,47,Precision Landing
1870,Rectifying aircraft position,298,Rectifying aircraft position
1871,Precision Landing,47,Precision Landing
1872,Rectifying aircraft position,298,Rectifying aircraft position
1873,Data Recorder File Index is 5.,109,Data Recorder File Index is 5.
1874,Taking off.,162,Taking off.
1875,Home Point Recorded.,57,Home Point Recorded.
1876,Return-to-Home Altitude : 98FT.,95,Return-to-Home Altitude : 98FT.
1877,Home Point Updated.,166,Home Point Updated.
1878,Tap the screen lightly to focus.,81,Tap the screen lightly to focus.
1879,Tap the screen lightly to focus.,81,Tap the screen lightly to focus.
1880,Tap the screen lightly to focus.,81,Tap the screen lightly to focus.
1881,Aircraft is returning to the Home Point. Minimum RTH Altitude is 30m. You can reset the RTH Altitude in Remote Controller Settings after cancelling RTH if necessary.,74,Aircraft is returning to the Home Point. Minimum RTH Altitude is 30m. You can reset the RTH Altitude in Remote Controller Settings after cancelling RTH if necessary.
1882,RTH : Heading alignment.,121,RTH : Heading alignment.
1883,RTH : Ascending to RTH altitude.,553,RTH : Ascending to RTH altitude.
1884,RTH : Cruise.,101,RTH : Cruise.
1885,Exited Visual Avoidance System.,3,Exited Visual Avoidance System.
1886,Precision Landing. Rectifying aircraft position.,47,Precision Landing. Rectifying aircraft position.
1887,Precision Landing. Rectifying aircraft position.,47,Precision Landing. Rectifying aircraft position.
1888,Precision Landing. Rectifying aircraft position.,47,Precision Landing. Rectifying aircraft position.
1889,Precision Landing. Rectifying aircraft position.,47,Precision Landing. Rectifying aircraft position.
1890,Precision Landing. Rectifying aircraft position.,47,Precision Landing. Rectifying aircraft position.
1891,Precision Landing. Rectifying aircraft position.,47,Precision Landing. Rectifying aircraft position.
1892,Precision Landing. Rectifying aircraft position.,47,Precision Landing. Rectifying aircraft position.
1893,Precision Landing. Rectifying aircraft position.,47,Precision Landing. Rectifying aircraft position.
1894,Precision Landing. Rectifying aircraft position.,47,Precision Landing. Rectifying aircraft position.
1895,Precision Landing. Rectifying aircraft position.,47,Precision Landing. Rectifying aircraft position.
1896,Ground Plain. Safe to Land.,145,Ground Plain. Safe to Land.
1897,Precision Landing. Rectifying aircraft position.,47,Precision Landing. Rectifying aircraft position.
1898,Taking Off.,162,Taking Off.
1899,Taking Off.,162,Taking Off.
1900,Home Point Recorded. RTH Altitude : 30m.,12,Home Point Recorded. RTH Altitude : 30m.
1901,Tap the screen lightly to focus.,81,Tap the screen lightly to focus.
1902,Obstacle Avoided. Revise Flight Route,122,Obstacle Avoided. Revise Flight Route
1903,Obstacle Avoidance will be disabled in landing.,444,Obstacle Avoidance will be disabled in landing.
1904,Flight Mode Set to Attitude,152,Flight Mode Set to Attitude
1905,Set Flight Mode to GPS to fly safe,254,Set Flight Mode to GPS to fly safe
1906,Flight Mode Set to Attitude,152,Flight Mode Set to Attitude
1907,Set Flight Mode to GPS to fly safe,254,Set Flight Mode to GPS to fly safe
1908,Home Point Recorded.,57,Home Point Recorded.
1909,Flight Mode Set to Attitude,152,Flight Mode Set to Attitude
1910,Set Flight Mode to GPS to fly safe,254,Set Flight Mode to GPS to fly safe
1911,Flight Mode Set to Attitude,152,Flight Mode Set to Attitude
1912,Set Flight Mode to GPS to fly safe,254,Set Flight Mode to GPS to fly safe
1913,Take off in P-Mode,331,Take off in P-Mode
1914,"Aircraft is in Attitude mode, so that it will not hover. Please fly with caution.",265,"Aircraft is in Attitude mode, so that it will not hover. Please fly with caution."
1915,Flight Mode Set to Attitude,152,Flight Mode Set to Attitude
1916,Set Flight Mode to GPS to fly safe,254,Set Flight Mode to GPS to fly safe
1917,Flight Mode Set to Attitude,152,Flight Mode Set to Attitude
1918,Set Flight Mode to GPS to fly safe,254,Set Flight Mode to GPS to fly safe
1919,Flight Mode Set to Attitude,152,Flight Mode Set to Attitude
1920,Set Flight Mode to GPS to fly safe,254,Set Flight Mode to GPS to fly safe
1921,Flight Mode Set to Attitude,152,Flight Mode Set to Attitude
1922,Set Flight Mode to GPS to fly safe,254,Set Flight Mode to GPS to fly safe
1923,Flight Mode Set to Attitude,152,Flight Mode Set to Attitude
1924,Set Flight Mode to GPS to fly safe,254,Set Flight Mode to GPS to fly safe
1925,Take off in P-Mode,331,Take off in P-Mode
1926,Battery Signal Error. Check battery connection.,131,Battery Signal Error. Check battery connection.
1927,Battery Signal Error. Check battery connection.,131,Battery Signal Error. Check battery connection.
1928,"Aircraft is in Attitude mode, so that it will not hover. Please fly with caution.",265,"Aircraft is in Attitude mode, so that it will not hover. Please fly with caution."
1929,Flight Mode Set to Attitude,152,Flight Mode Set to Attitude
1930,Set Flight Mode to GPS to fly safe,254,Set Flight Mode to GPS to fly safe
1931,Compass Stuck. Restart Aircraft. Contact DJI Support if this persists.,117,Compass Stuck. Restart Aircraft. Contact DJI Support if this persists.
1932,Maximum Flight Distance Reached. Adjust distance in MC Settings if required.,44,Maximum Flight Distance Reached. Adjust distance in MC Settings if required.
1933,Maximum Flight Distance Reached. Adjust distance in MC Settings if required.,44,Maximum Flight Distance Reached. Adjust distance in MC Settings if required.
1934,Data Recorder File Index is 13.,109,Data Recorder File Index is 13.
1935,RTH Altitude : 98FT.,115,RTH Altitude : 98FT.
1936,Taking off.,162,Taking off.
1937,Maximum Flight Distance Reached. Adjust distance in MC Settings if required.,44,Maximum Flight Distance Reached. Adjust distance in MC Settings if required.
1938,Maximum Flight Distance Reached. Adjust distance in MC Settings if required.,44,Maximum Flight Distance Reached. Adjust distance in MC Settings if required.
1939,Strong wireless interference. Please fly with caution.,445,Strong wireless interference. Please fly with caution.
1940,Strong Interference Detected. Be careful when flying long distances.,231,Strong Interference Detected. Be careful when flying long distances.
1941,Taking Off.,162,Taking Off.
1942,Strong Interference Detected. Be careful when flying long distances.,231,Strong Interference Detected. Be careful when flying long distances.
1943,Strong Interference Detected. Be careful when flying long distances.,231,Strong Interference Detected. Be careful when flying long distances.
1944,Strong Interference Detected. Be careful when flying long distances.,231,Strong Interference Detected. Be careful when flying long distances.
1945,Strong Interference Detected. Be careful when flying long distances.,231,Strong Interference Detected. Be careful when flying long distances.
1946,Strong Interference Detected. Be careful when flying long distances.,231,Strong Interference Detected. Be careful when flying long distances.
1947,Strong Interference Detected. Be careful when flying long distances.,231,Strong Interference Detected. Be careful when flying long distances.
1948,Strong Interference Detected. Be careful when flying long distances.,231,Strong Interference Detected. Be careful when flying long distances.
1949,Strong Interference Detected. Be careful when flying long distances.,231,Strong Interference Detected. Be careful when flying long distances.
1950,Compass Error. Exit P-GPS Mode,11,Compass Error. Exit P-GPS Mode
1951,Strong Interference Detected. Be careful when flying long distances.,231,Strong Interference Detected. Be careful when flying long distances.
1952,Strong Interference Detected. Be careful when flying long distances.,231,Strong Interference Detected. Be careful when flying long distances.
1953,Strong Interference Detected. Be careful when flying long distances.,231,Strong Interference Detected. Be careful when flying long distances.
1954,Strong Interference Detected. Be careful when flying long distances.,231,Strong Interference Detected. Be careful when flying long distances.
1955,Strong wireless interference. Please fly with caution.,445,Strong wireless interference. Please fly with caution.
1956,Strong wireless interference. Please fly with caution.,445,Strong wireless interference. Please fly with caution.
1957,Strong wireless interference. Please fly with caution.,445,Strong wireless interference. Please fly with caution.
1958,Strong wireless interference. Please fly with caution.,445,Strong wireless interference. Please fly with caution.
1959,Strong wireless interference. Please fly with caution.,445,Strong wireless interference. Please fly with caution.
1960,Strong wireless interference. Please fly with caution.,445,Strong wireless interference. Please fly with caution.
1961,Strong wireless interference. Please fly with caution.,445,Strong wireless interference. Please fly with caution.
1962,Landing.,280,Landing.
1963,"Aircraft is in Attitude mode, so that it will not hover. Please fly with caution.",265,"Aircraft is in Attitude mode, so that it will not hover. Please fly with caution."
1964,"Aircraft is in Attitude mode, so that it will not hover. Please fly with caution.",265,"Aircraft is in Attitude mode, so that it will not hover. Please fly with caution."
1965,Home Point Recorded.,57,Home Point Recorded.
1966,Taking Off.,162,Taking Off.
1967,Return-to-Home Altitude : 98FT,95,Return-to-Home Altitude : 98FT
1968,Low Power. Returning home.,209,Low Power. Returning home.
1969,"Aircraft is in Attitude mode, so that it will not hover. Please fly with caution.",265,"Aircraft is in Attitude mode, so that it will not hover. Please fly with caution."
1970,RTH Altitude : 98FT. Data Recorder File Index is 1.,192,RTH Altitude : 98FT. Data Recorder File Index is 1.
1971,Home Point Recorded. Taking off.,57,Home Point Recorded. Taking off.
1972,Low Power. Returning home.,209,Low Power. Returning home.
1973,Taking Off.,162,Taking Off.
1974,Max Flight Distance Reached. Adjust in Main Controller Settings if necessary.,44,Max Flight Distance Reached. Adjust in Main Controller Settings if necessary.
1975,Aircraft out of Range,91,Aircraft out of Range
1976,Aircraft out of Range,91,Aircraft out of Range
1977,Aircraft out of Range,91,Aircraft out of Range
1978,Aircraft out of Range,91,Aircraft out of Range
1979,Aircraft out of Range,91,Aircraft out of Range
1980,Aircraft out of Range,91,Aircraft out of Range
1981,Aircraft out of Range,91,Aircraft out of Range
1982,Aircraft out of Range,91,Aircraft out of Range
1983,Aircraft out of Range,91,Aircraft out of Range
1984,Aircraft out of Range,91,Aircraft out of Range
1985,Cannot change current flight mode. Enable Multiple Flight Modes in Settings menu to change.,438,Cannot change current flight mode. Enable Multiple Flight Modes in Settings menu to change.
1986,Max Flight Distance Reached. Adjust in Main Controller Settings if necessary.,44,Max Flight Distance Reached. Adjust in Main Controller Settings if necessary.
1987,Aircraft out of Range,91,Aircraft out of Range
1988,Aircraft out of Range,91,Aircraft out of Range
1989,Aircraft out of Range,91,Aircraft out of Range
1990,Aircraft out of Range,91,Aircraft out of Range
1991,Aircraft out of Range,91,Aircraft out of Range
1992,Max Flight Distance Reached. Adjust in Main Controller Settings if necessary.,44,Max Flight Distance Reached. Adjust in Main Controller Settings if necessary.
1993,Cannot change current flight mode. Enable Multiple Flight Modes in Settings menu to change.,438,Cannot change current flight mode. Enable Multiple Flight Modes in Settings menu to change.
1994,Returning to the Home Point,327,Returning to the Home Point
1995,Returning to the Home Point,327,Returning to the Home Point
1996,Landing Canceled.,410,Landing Canceled.
1997,Strong Interference. Fly with caution.,181,Strong Interference. Fly with caution.
1998,Motors Started.,549,Motors Started.
1999,Cannot enter the selected flight mode. Try again later.,318,Cannot enter the selected flight mode. Try again later.
2000,Right Dial Locked. Lightly press to adjust.,73,Right Dial Locked. Lightly press to adjust.
2001,Right Dial Locked. Lightly press to adjust.,73,Right Dial Locked. Lightly press to adjust.
2002,Motors Started.,549,Motors Started.
2003,Braking now! Return sticks to midpoints first.,7,Braking now! Return sticks to midpoints first.
2004,Braking now! Return sticks to midpoints first.,7,Braking now! Return sticks to midpoints first.
2005,Braking now! Return sticks to midpoints first.,7,Braking now! Return sticks to midpoints first.
2006,Braking now! Return sticks to midpoints first.,7,Braking now! Return sticks to midpoints first.
2007,Braking now! Return sticks to midpoints first.,7,Braking now! Return sticks to midpoints first.
2008,"Home Point Recorded, Return-to-Home Altitude : 98FT",12,"Home Point Recorded, Return-to-Home Altitude : 98FT"
2009,Braking now! Return sticks to midpoints first.,7,Braking now! Return sticks to midpoints first.
2010,Braking now! Return sticks to midpoints first.,7,Braking now! Return sticks to midpoints first.
2011,Strong Interference. Fly with caution.,181,Strong Interference. Fly with caution.
2012,Right Dial Locked. Lightly press to adjust.,73,Right Dial Locked. Lightly press to adjust.
2013,Strong Interference. Fly with caution.,181,Strong Interference. Fly with caution.
2014,Strong Interference. Fly with caution.,181,Strong Interference. Fly with caution.
2015,Strong Interference. Fly with caution.,181,Strong Interference. Fly with caution.
2016,Taking Off.,162,Taking Off.
2017,Strong Interference. Fly with caution.,181,Strong Interference. Fly with caution.
2018,"Home Point Recorded, Return-to-Home Altitude : 98FT",12,"Home Point Recorded, Return-to-Home Altitude : 98FT"
2019,Strong Interference. Fly with caution.,181,Strong Interference. Fly with caution.
2020,Strong Interference. Fly with caution.,181,Strong Interference. Fly with caution.
2021,Braking now! Return sticks to midpoints first.,7,Braking now! Return sticks to midpoints first.
2022,Braking now! Return sticks to midpoints first.,7,Braking now! Return sticks to midpoints first.
2023,Braking now! Return sticks to midpoints first.,7,Braking now! Return sticks to midpoints first.
2024,Data Recorder File Index is 4.,109,Data Recorder File Index is 4.
2025,Motors Started.,549,Motors Started.
2026,Downlink Restored (after 0m 1.4s).,505,Downlink Restored (after 0m 1.4s).
2027,Downlink Restored (after 0m 0.9s).,505,Downlink Restored (after 0m 0.9s).
2028,Downlink Restored (after 0m 1.2s).,505,Downlink Restored (after 0m 1.2s).
2029,Downlink Restored (after 0m 1.1s).,505,Downlink Restored (after 0m 1.1s).
2030,Downlink Restored (after 0m 1s).,505,Downlink Restored (after 0m 1s).
2031,Downlink Restored (after 0m 1.6s).,505,Downlink Restored (after 0m 1.6s).
2032,Downlink Restored (after 0m 1.1s).,505,Downlink Restored (after 0m 1.1s).
2033,Downlink Restored (after 0m 1.2s).,505,Downlink Restored (after 0m 1.2s).
2034,Downlink Restored (after 0m 1.4s).,505,Downlink Restored (after 0m 1.4s).
2035,Downlink Restored (after 0m 1.2s).,505,Downlink Restored (after 0m 1.2s).
2036,Downlink Restored (after 0m 1s).,505,Downlink Restored (after 0m 1s).
2037,"Home Point Recorded, Return-to-Home Altitude : 98FT.",12,"Home Point Recorded, Return-to-Home Altitude : 98FT."
2038,Downlink Lost.,120,Downlink Lost.
2039,Downlink Lost.,120,Downlink Lost.
2040,Downlink Lost.,120,Downlink Lost.
2041,Downlink Lost.,120,Downlink Lost.
2042,Downlink Lost.,120,Downlink Lost.
2043,Downlink Lost.,120,Downlink Lost.
2044,Braking now! Return sticks to midpoints first.,7,Braking now! Return sticks to midpoints first.
2045,Downlink Lost.,120,Downlink Lost.
2046,Braking now! Return sticks to midpoints first.,7,Braking now! Return sticks to midpoints first.
2047,Braking now! Return sticks to midpoints first.,7,Braking now! Return sticks to midpoints first.
2048,Braking now! Return sticks to midpoints first.,7,Braking now! Return sticks to midpoints first.
2049,Braking now! Return sticks to midpoints first.,7,Braking now! Return sticks to midpoints first.
2050,Data Recorder File Index is 4.,109,Data Recorder File Index is 4.
2051,Taking off.,162,Taking off.
2052,Home Point Updated.,166,Home Point Updated.
2053,Exited Visual Avoidance System.,3,Exited Visual Avoidance System.
2054,Aircraft is close to Home Point. Return-to-Home Mode is now Auto Landing Mode.,252,Aircraft is close to Home Point. Return-to-Home Mode is now Auto Landing Mode.
2055,Exited Visual Avoidance System.,3,Exited Visual Avoidance System.
2056,"Home Point Recorded, Return-to-Home Altitude : 98FT.",12,"Home Point Recorded, Return-to-Home Altitude : 98FT."
2057,Aircraft is close to Home Point. Return-to-Home Mode is now Auto Landing Mode.,252,Aircraft is close to Home Point. Return-to-Home Mode is now Auto Landing Mode.
2058,Strong Interference. Fly with caution.,181,Strong Interference. Fly with caution.
2059,Strong Interference. Fly with caution.,181,Strong Interference. Fly with caution.
2060,Strong Interference. Fly with caution.,181,Strong Interference. Fly with caution.
2061,Braking now! Return sticks to midpoints first.,7,Braking now! Return sticks to midpoints first.
2062,Braking now! Return sticks to midpoints first.,7,Braking now! Return sticks to midpoints first.
2063,Taking Off.,162,Taking Off.
2064,Taking Off.,162,Taking Off.
2065,Home Point Recorded. RTH Altitude : 30m.,12,Home Point Recorded. RTH Altitude : 30m.
2066,Obstacle Avoided. Revise Flight Route,122,Obstacle Avoided. Revise Flight Route
2067,Home Point Recorded. RTH Altitude : 30m.,12,Home Point Recorded. RTH Altitude : 30m.
2068,Fly with caution and ensure the aircraft remains within your line of sight.,360,Fly with caution and ensure the aircraft remains within your line of sight.
2069,Fly with caution and ensure the aircraft remains within your line of sight.,360,Fly with caution and ensure the aircraft remains within your line of sight.
2070,Fly with caution and ensure the aircraft remains within your line of sight.,360,Fly with caution and ensure the aircraft remains within your line of sight.
2071,Remote Controller Right Dial Locked. Lightly press it to adjust.,421,Remote Controller Right Dial Locked. Lightly press it to adjust.
2072,Remote Controller Right Dial Locked. Lightly press it to adjust.,421,Remote Controller Right Dial Locked. Lightly press it to adjust.
2073,Satellite positioning off. Fly with Caution.,206,Satellite positioning off. Fly with Caution.
2074,Strong Interference. Fly with caution.,181,Strong Interference. Fly with caution.
2075,Strong Interference. Fly with caution.,181,Strong Interference. Fly with caution.
2076,"Home Point Recorded, Return-to-Home Altitude : 98FT",12,"Home Point Recorded, Return-to-Home Altitude : 98FT"
2077,Strong Interference. Fly with caution.,181,Strong Interference. Fly with caution.
2078,Strong Interference. Fly with caution.,181,Strong Interference. Fly with caution.
2079,Strong Interference. Fly with caution.,181,Strong Interference. Fly with caution.
2080,Strong Interference. Fly with caution.,181,Strong Interference. Fly with caution.
2081,Strong Interference. Fly with caution.,181,Strong Interference. Fly with caution.
2082,Lens not connected,151,Lens not connected
2083,Satellite positioning off. Fly with Caution.,206,Satellite positioning off. Fly with Caution.
2084,Taking Off.,162,Taking Off.
2085,"Home Point Recorded, Return-to-Home Altitude : 98FT",12,"Home Point Recorded, Return-to-Home Altitude : 98FT"
2086,Maximum Flight Altitude Reached. Adjust altitude in MC Settings if required.,15,Maximum Flight Altitude Reached. Adjust altitude in MC Settings if required.
2087,Braking now! Return sticks to midpoints first.,7,Braking now! Return sticks to midpoints first.
2088,Braking now! Return sticks to midpoints first.,7,Braking now! Return sticks to midpoints first.
2089,Data Recorder File Index is 7.,109,Data Recorder File Index is 7.
2090,Large Wind Velocity.,288,Large Wind Velocity.
2091,Taking off.,162,Taking off.
2092,"Home Point Recorded, Return-to-Home Altitude : 98FT.",12,"Home Point Recorded, Return-to-Home Altitude : 98FT."
2093,Maximum Flight Altitude Reached.,0,Maximum Flight Altitude Reached.
2094,Braking now! Return sticks to midpoints first.,7,Braking now! Return sticks to midpoints first.
2095,Taking Off.,162,Taking Off.
2096,Taking Off.,162,Taking Off.
2097,Home Point Recorded. RTH Altitude : 30m.,12,Home Point Recorded. RTH Altitude : 30m.
2098,Obstacle Avoided. Revise Flight Route,122,Obstacle Avoided. Revise Flight Route
2099,Obstacle Avoided. Revise Flight Route,122,Obstacle Avoided. Revise Flight Route
2100,Obstacle Avoided. Revise Flight Route,122,Obstacle Avoided. Revise Flight Route
2101,Obstacle Avoided. Revise Flight Route,122,Obstacle Avoided. Revise Flight Route
2102,Obstacle Avoided. Revise Flight Route,122,Obstacle Avoided. Revise Flight Route
2103,Obstacle Avoided. Revise Flight Route,122,Obstacle Avoided. Revise Flight Route
2104,Obstacle Avoided. Revise Flight Route,122,Obstacle Avoided. Revise Flight Route
2105,Taking Off.,162,Taking Off.
2106,Taking Off.,162,Taking Off.
2107,Home Point Recorded. RTH Altitude : 30m.,12,Home Point Recorded. RTH Altitude : 30m.
2108,Camera Settings Adjusted to ActiveTrack,45,Camera Settings Adjusted to ActiveTrack
2109,Camera Settings Adjusted to ActiveTrack,45,Camera Settings Adjusted to ActiveTrack
2110,Drag a box around or tap a target on screen. Then tap Go.,293,Drag a box around or tap a target on screen. Then tap Go.
2111,Subject too Large. Move Away and retry,554,Subject too Large. Move Away and retry
2112,Aircraft is in QuickShot Mode. Ensure your enviornment is free of potential obstacles.,182,Aircraft is in QuickShot Mode. Ensure your enviornment is free of potential obstacles.
2113,Drag a box around or tap a target on screen. Then tap Go.,293,Drag a box around or tap a target on screen. Then tap Go.
2114,Drag a box around or tap a target on screen. Then tap Go.,293,Drag a box around or tap a target on screen. Then tap Go.
2115,Aircraft is in QuickShot Mode. Ensure your enviornment is free of potential obstacles.,182,Aircraft is in QuickShot Mode. Ensure your enviornment is free of potential obstacles.
2116,Camera Settings Adjusted to ActiveTrack,45,Camera Settings Adjusted to ActiveTrack
2117,Camera Settings Adjusted to ActiveTrack,45,Camera Settings Adjusted to ActiveTrack
2118,Drag a box around or tap a target on screen. Then tap Go.,293,Drag a box around or tap a target on screen. Then tap Go.
2119,Cannot Identify Subject,223,Cannot Identify Subject
2120,Tap to choose a valid zone.,154,Tap to choose a valid zone.
2121,Drag a box around or tap a target on screen. Then tap Go.,293,Drag a box around or tap a target on screen. Then tap Go.
2122,Subject lost. Searching ...,157,Subject lost. Searching ...
2123,Subject too Small. Get Closer and retry,40,Subject too Small. Get Closer and retry
2124,Subject too Small. Get Closer and retry,40,Subject too Small. Get Closer and retry
2125,Drag a box around or tap a target on screen. Then tap Go.,293,Drag a box around or tap a target on screen. Then tap Go.
2126,Aircraft is in QuickShot Mode. Ensure your enviornment is free of potential obstacles.,182,Aircraft is in QuickShot Mode. Ensure your enviornment is free of potential obstacles.
2127,Aircraft is returning to the Home Point. Minimum RTH Altitude is 30m. You can reset the RTH Altitude in Remote Controller Settings after cancelling RTH.,74,Aircraft is returning to the Home Point. Minimum RTH Altitude is 30m. You can reset the RTH Altitude in Remote Controller Settings after cancelling RTH.
2128,Obstacle Avoidance will be disabled in landing.,444,Obstacle Avoidance will be disabled in landing.
2129,The remaining battery is only enough for RTH. Return home now.,86,The remaining battery is only enough for RTH. Return home now.
2130,Landing Canceled.,410,Landing Canceled.
2131,The remaining battery is only enough for RTH. Return home now.,86,The remaining battery is only enough for RTH. Return home now.
2132,Critically Low Power. Aircraft Landing,118,Critically Low Power. Aircraft Landing
2133,Obstacle Avoidance will be disabled in landing.,444,Obstacle Avoidance will be disabled in landing.
2134,Command Failed,130,Command Failed
2135,Backward Obstacle Sensing is not functioning.,30,Backward Obstacle Sensing is not functioning.
2136,Backward Obstacle Sensing is not functioning.,30,Backward Obstacle Sensing is not functioning.
2137,Backward Obstacle Sensing is not functioning.,30,Backward Obstacle Sensing is not functioning.
2138,Ambient Light is too weak.,65,Ambient Light is too weak.
2139,Home Point recorded. Return-to-Home Altitude : 98FT,12,Home Point recorded. Return-to-Home Altitude : 98FT
2140,High wind velocity. Ensure the aircraft remains within your line of sight and fly with caution.,43,High wind velocity. Ensure the aircraft remains within your line of sight and fly with caution.
2141,Weak signal. Avoid blocking the antennas and keep the antennas parallel to and facing toward the aircraft during flight.,158,Weak signal. Avoid blocking the antennas and keep the antennas parallel to and facing toward the aircraft during flight.
2142,High wind velocity. Fly with caution and land in a safe place ASAP.,108,High wind velocity. Fly with caution and land in a safe place ASAP.
2143,Forward Obstacle Sensing is not functioning.,30,Forward Obstacle Sensing is not functioning.
2144,Attitude is too large. Backward Obstacle Sensing is not functioning.,160,Attitude is too large. Backward Obstacle Sensing is not functioning.
2145,Obstacle Sensing will be disabled when aircraft is landing. Fly with caution.,169,Obstacle Sensing will be disabled when aircraft is landing. Fly with caution.
2146,Forward Obstacle Sensing is not functioning.,30,Forward Obstacle Sensing is not functioning.
2147,Ambient Light is too weak.,65,Ambient Light is too weak.
2148,Data Recorder File Index is 4.,109,Data Recorder File Index is 4.
2149,Home Point Updated.,166,Home Point Updated.
2150,Downlink Restored (after 0m 5.6s).,505,Downlink Restored (after 0m 5.6s).
2151,Downlink Restored (after 0m 5.8s).,505,Downlink Restored (after 0m 5.8s).
2152,Downlink Restored (after 0m 11s).,505,Downlink Restored (after 0m 11s).
2153,Downlink Restored (after 0m 2.2s).,505,Downlink Restored (after 0m 2.2s).
2154,Attitude is too large. Backward Obstacle Sensing is not functioning.,160,Attitude is too large. Backward Obstacle Sensing is not functioning.
2155,Obstacle Sensing will be disabled when aircraft is landing. Fly with caution.,169,Obstacle Sensing will be disabled when aircraft is landing. Fly with caution.
2156,Home Point recorded. Return-to-Home Altitude : 98FT.,12,Home Point recorded. Return-to-Home Altitude : 98FT.
2157,High wind velocity. Ensure the aircraft remains within your line of sight and fly with caution.,43,High wind velocity. Ensure the aircraft remains within your line of sight and fly with caution.
2158,High wind velocity. Ensure the aircraft remains within your line of sight and fly with caution.,43,High wind velocity. Ensure the aircraft remains within your line of sight and fly with caution.
2159,Weak signal. Avoid blocking the antennas and keep the antennas parallel to and facing toward the aircraft during flight. Downlink Lost.,158,Weak signal. Avoid blocking the antennas and keep the antennas parallel to and facing toward the aircraft during flight. Downlink Lost.
2160,Downlink Lost.,120,Downlink Lost.
2161,High wind velocity. Ensure the aircraft remains within your line of sight and fly with caution. Downlink Lost.,246,High wind velocity. Ensure the aircraft remains within your line of sight and fly with caution. Downlink Lost.
2162,Downlink Lost.,120,Downlink Lost.
2163,Downlink Lost.,120,Downlink Lost.
2164,High wind velocity. Ensure the aircraft remains within your line of sight and fly with caution.,43,High wind velocity. Ensure the aircraft remains within your line of sight and fly with caution.
2165,High wind velocity. Ensure the aircraft remains within your line of sight and fly with caution.,43,High wind velocity. Ensure the aircraft remains within your line of sight and fly with caution.
2166,High wind velocity. Fly with caution and land in a safe place ASAP.,108,High wind velocity. Fly with caution and land in a safe place ASAP.
2167,Forward Obstacle Sensing is not functioning.,30,Forward Obstacle Sensing is not functioning.
2168,High wind velocity. Ensure the aircraft remains within your line of sight and fly with caution.,43,High wind velocity. Ensure the aircraft remains within your line of sight and fly with caution.
2169,High wind velocity. Ensure the aircraft remains within your line of sight and fly with caution.,43,High wind velocity. Ensure the aircraft remains within your line of sight and fly with caution.
2170,High wind velocity. Fly with caution and land in a safe place ASAP.,108,High wind velocity. Fly with caution and land in a safe place ASAP.
2171,High wind velocity. Ensure the aircraft remains within your line of sight and fly with caution.,43,High wind velocity. Ensure the aircraft remains within your line of sight and fly with caution.
2172,High wind velocity. Ensure the aircraft remains within your line of sight and fly with caution.,43,High wind velocity. Ensure the aircraft remains within your line of sight and fly with caution.
2173,Home Point Recorded. RTH Altitude : 30m.,12,Home Point Recorded. RTH Altitude : 30m.
2174,Fly with caution and ensure the aircraft remains within your line of sight.,360,Fly with caution and ensure the aircraft remains within your line of sight.
2175,Fly with caution and ensure the aircraft remains within your line of sight.,360,Fly with caution and ensure the aircraft remains within your line of sight.
2176,Fly with caution and ensure the aircraft remains within your line of sight.,360,Fly with caution and ensure the aircraft remains within your line of sight.
2177,High wind velocity. Fly with caution and land in a safe place ASAP.,108,High wind velocity. Fly with caution and land in a safe place ASAP.
2178,Fly with caution and ensure the aircraft remains within your line of sight.,360,Fly with caution and ensure the aircraft remains within your line of sight.
2179,Fly with caution and ensure the aircraft remains within your line of sight.,360,Fly with caution and ensure the aircraft remains within your line of sight.
2180,Fly with caution and ensure the aircraft remains within your line of sight.,360,Fly with caution and ensure the aircraft remains within your line of sight.
2181,Home Point recorded. Return-to-Home Altitude : 98FT,12,Home Point recorded. Return-to-Home Altitude : 98FT
2182,High wind velocity. Ensure the aircraft remains within your line of sight and fly with caution.,43,High wind velocity. Ensure the aircraft remains within your line of sight and fly with caution.
2183,High wind velocity. Fly with caution and land in a safe place ASAP.,108,High wind velocity. Fly with caution and land in a safe place ASAP.
2184,Warning,229,Warning
2185,The remaining battery is only enough for RTH. Return home now.,86,The remaining battery is only enough for RTH. Return home now.
2186,Low power. Returning home.,209,Low power. Returning home.
2187,Obstacle Sensing will be disabled when aircraft is landing. Fly with caution.,169,Obstacle Sensing will be disabled when aircraft is landing. Fly with caution.
2188,Precision Landing,47,Precision Landing
2189,Correcting Landing Position,218,Correcting Landing Position
2190,Precision Landing,47,Precision Landing
2191,Correcting Landing Position,218,Correcting Landing Position
2192,Precision Landing,47,Precision Landing
2193,Correcting Landing Position,218,Correcting Landing Position
2194,Precision Landing,47,Precision Landing
2195,Correcting Landing Position,218,Correcting Landing Position
2196,Forward Obstacle Sensing is not functioning.,30,Forward Obstacle Sensing is not functioning.
2197,Ambient Light is too weak.,65,Ambient Light is too weak.
2198,Backward Obstacle Sensing is not functioning.,30,Backward Obstacle Sensing is not functioning.
2199,Ambient Light is too weak.,65,Ambient Light is too weak.
2200,Data Recorder File Index is 5.,109,Data Recorder File Index is 5.
2201,Home Point Updated.,166,Home Point Updated.
2202,Home Point recorded. Return-to-Home Altitude : 98FT.,12,Home Point recorded. Return-to-Home Altitude : 98FT.
2203,RTH : Preascending.,439,RTH : Preascending.
2204,RTH : Heading alignment.,121,RTH : Heading alignment.
2205,RTH : Ascending to RTH altitude.,553,RTH : Ascending to RTH altitude.
2206,RTH : Cruise.,101,RTH : Cruise.
2207,Obstacle Sensing will be disabled when aircraft is landing. Fly with caution.,169,Obstacle Sensing will be disabled when aircraft is landing. Fly with caution.
2208,Low power. Returning home.,209,Low power. Returning home.
2209,Precision Landing. Correcting Landing Position.,47,Precision Landing. Correcting Landing Position.
2210,Precision Landing. Correcting Landing Position.,47,Precision Landing. Correcting Landing Position.
2211,Precision Landing. Correcting Landing Position.,47,Precision Landing. Correcting Landing Position.
2212,Precision Landing. Correcting Landing Position.,47,Precision Landing. Correcting Landing Position.
2213,Precision Landing. Correcting Landing Position.,47,Precision Landing. Correcting Landing Position.
2214,Precision Landing. Correcting Landing Position.,47,Precision Landing. Correcting Landing Position.
2215,Precision Landing. Correcting Landing Position.,47,Precision Landing. Correcting Landing Position.
2216,Precision Landing. Correcting Landing Position.,47,Precision Landing. Correcting Landing Position.
2217,Precision Landing. Correcting Landing Position.,47,Precision Landing. Correcting Landing Position.
2218,Precision Landing. Correcting Landing Position.,47,Precision Landing. Correcting Landing Position.
2219,Precision Landing. Correcting Landing Position.,47,Precision Landing. Correcting Landing Position.
2220,Precision Landing. Correcting Landing Position.,47,Precision Landing. Correcting Landing Position.
2221,Precision Landing. Correcting Landing Position.,47,Precision Landing. Correcting Landing Position.
2222,Precision Landing. Correcting Landing Position.,47,Precision Landing. Correcting Landing Position.
2223,High wind velocity. Ensure the aircraft remains within your line of sight and fly with caution.,43,High wind velocity. Ensure the aircraft remains within your line of sight and fly with caution.
2224,High wind velocity. Ensure the aircraft remains within your line of sight and fly with caution.,43,High wind velocity. Ensure the aircraft remains within your line of sight and fly with caution.
2225,High wind velocity. Ensure the aircraft remains within your line of sight and fly with caution.,43,High wind velocity. Ensure the aircraft remains within your line of sight and fly with caution.
2226,High wind velocity. Fly with caution and land in a safe place ASAP.,108,High wind velocity. Fly with caution and land in a safe place ASAP.
2227,High wind velocity. Ensure the aircraft remains within your line of sight and fly with caution. High wind velocity. Fly with caution and land in a safe place ASAP.,43,High wind velocity. Ensure the aircraft remains within your line of sight and fly with caution. High wind velocity. Fly with caution and land in a safe place ASAP.
2228,WarningThe remaining battery is only enough for RTH. Return home now.,86,WarningThe remaining battery is only enough for RTH. Return home now.
2229,Home Point Recorded. RTH Altitude : 30m.,12,Home Point Recorded. RTH Altitude : 30m.
2230,Fly with caution and ensure the aircraft remains within your line of sight.,360,Fly with caution and ensure the aircraft remains within your line of sight.
2231,Fly with caution and ensure the aircraft remains within your line of sight.,360,Fly with caution and ensure the aircraft remains within your line of sight.
2232,Fly with caution and ensure the aircraft remains within your line of sight.,360,Fly with caution and ensure the aircraft remains within your line of sight.
2233,Fly with caution and ensure the aircraft remains within your line of sight.,360,Fly with caution and ensure the aircraft remains within your line of sight.
2234,Fly with caution and ensure the aircraft remains within your line of sight.,360,Fly with caution and ensure the aircraft remains within your line of sight.
2235,Fly with caution and ensure the aircraft remains within your line of sight.,360,Fly with caution and ensure the aircraft remains within your line of sight.
2236,Fly with caution and ensure the aircraft remains within your line of sight.,360,Fly with caution and ensure the aircraft remains within your line of sight.
2237,Fly with caution and ensure the aircraft remains within your line of sight.,360,Fly with caution and ensure the aircraft remains within your line of sight.
2238,Fly with caution and ensure the aircraft remains within your line of sight.,360,Fly with caution and ensure the aircraft remains within your line of sight.
2239,Fly with caution and ensure the aircraft remains within your line of sight.,360,Fly with caution and ensure the aircraft remains within your line of sight.
2240,High wind velocity. Fly with caution and land in a safe place ASAP.,108,High wind velocity. Fly with caution and land in a safe place ASAP.
2241,Remote Controller Right Dial Locked. Lightly press it to adjust.,421,Remote Controller Right Dial Locked. Lightly press it to adjust.
2242,Max Flight Distance Reached. Adjust in Main Controller Settings if necessary.,44,Max Flight Distance Reached. Adjust in Main Controller Settings if necessary.
2243,Weak signal. Adjust antenna and avoid signal block.,18,Weak signal. Adjust antenna and avoid signal block.
2244,"Aircraft is in Attitude mode, so that it will not hover. Please fly with caution.",265,"Aircraft is in Attitude mode, so that it will not hover. Please fly with caution."
2245,"Aircraft is in Attitude mode, so that it will not hover. Please fly with caution.",265,"Aircraft is in Attitude mode, so that it will not hover. Please fly with caution."
2246,"Aircraft is in Attitude mode, so that it will not hover. Please fly with caution.",265,"Aircraft is in Attitude mode, so that it will not hover. Please fly with caution."
2247,"Aircraft is in Attitude mode, so that it will not hover. Please fly with caution.",265,"Aircraft is in Attitude mode, so that it will not hover. Please fly with caution."
2248,Cannot Takeoff in Travel Mode. Exit Travel Mode.,451,Cannot Takeoff in Travel Mode. Exit Travel Mode.
2249,Cannot Takeoff in Travel Mode. Exit Travel Mode.,451,Cannot Takeoff in Travel Mode. Exit Travel Mode.
2250,Cannot Takeoff in Travel Mode. Exit Travel Mode.,451,Cannot Takeoff in Travel Mode. Exit Travel Mode.
2251,"Aircraft is in Attitude mode, so that it will not hover. Please fly with caution.",265,"Aircraft is in Attitude mode, so that it will not hover. Please fly with caution."
2252,"Aircraft is in Attitude mode, so that it will not hover. Please fly with caution.",265,"Aircraft is in Attitude mode, so that it will not hover. Please fly with caution."
2253,"Aircraft is in Attitude mode, so that it will not hover. Please fly with caution.",265,"Aircraft is in Attitude mode, so that it will not hover. Please fly with caution."
2254,"Aircraft is in Attitude mode, so that it will not hover. Please fly with caution.",265,"Aircraft is in Attitude mode, so that it will not hover. Please fly with caution."
2255,Cannot Takeoff in Travel Mode. Exit Travel Mode.,451,Cannot Takeoff in Travel Mode. Exit Travel Mode.
2256,"Aircraft is in Attitude mode, so that it will not hover. Please fly with caution.",265,"Aircraft is in Attitude mode, so that it will not hover. Please fly with caution."
2257,"Aircraft is in Attitude mode, so that it will not hover. Please fly with caution.",265,"Aircraft is in Attitude mode, so that it will not hover. Please fly with caution."
2258,"Aircraft is in Attitude mode, so that it will not hover. Please fly with caution.",265,"Aircraft is in Attitude mode, so that it will not hover. Please fly with caution."
2259,Cannot Takeoff in Travel Mode. Exit Travel Mode.,451,Cannot Takeoff in Travel Mode. Exit Travel Mode.
2260,"Aircraft is in Attitude mode, so that it will not hover. Please fly with caution.",265,"Aircraft is in Attitude mode, so that it will not hover. Please fly with caution."
2261,Take off and retry this function.,494,Take off and retry this function.
2262,Cannot Takeoff in Travel Mode. Exit Travel Mode.,451,Cannot Takeoff in Travel Mode. Exit Travel Mode.
2263,"Aircraft is in Attitude mode, so that it will not hover. Please fly with caution.",265,"Aircraft is in Attitude mode, so that it will not hover. Please fly with caution."
2264,"Aircraft is in Attitude mode, so that it will not hover. Please fly with caution.",265,"Aircraft is in Attitude mode, so that it will not hover. Please fly with caution."
2265,Take off in P-Mode,331,Take off in P-Mode
2266,Cannot Takeoff in Travel Mode. Exit Travel Mode.,451,Cannot Takeoff in Travel Mode. Exit Travel Mode.
2267,Landing Gear Lowering.,507,Landing Gear Lowering.
2268,Landing Gear Lowered.,146,Landing Gear Lowered.
2269,"Aircraft is in Attitude mode, so that it will not hover. Please fly with caution.",265,"Aircraft is in Attitude mode, so that it will not hover. Please fly with caution."
2270,Return-to-Home Altitude : 65FT,95,Return-to-Home Altitude : 65FT
2271,Landing.,280,Landing.
2272,Take off in P-Mode,331,Take off in P-Mode
2273,Flight Mode Set to Attitude,152,Flight Mode Set to Attitude
2274,Set Flight Mode to GPS to fly safe,254,Set Flight Mode to GPS to fly safe
2275,"Aircraft is in Attitude mode, so that it will not hover. Please fly with caution.",265,"Aircraft is in Attitude mode, so that it will not hover. Please fly with caution."
2276,Take off and retry this function.,494,Take off and retry this function.
2277,Flight Mode Set to Attitude,152,Flight Mode Set to Attitude
2278,Set Flight Mode to GPS to fly safe,254,Set Flight Mode to GPS to fly safe
2279,Take off and retry this function.,494,Take off and retry this function.
2280,"Aircraft is in Attitude mode, so that it will not hover. Please fly with caution.",265,"Aircraft is in Attitude mode, so that it will not hover. Please fly with caution."
2281,Take off in P-Mode,331,Take off in P-Mode
2282,Take off in P-Mode,331,Take off in P-Mode
2283,Take off in P-Mode,331,Take off in P-Mode
2284,"Aircraft is in Attitude mode, so that it will not hover. Please fly with caution.",265,"Aircraft is in Attitude mode, so that it will not hover. Please fly with caution."
2285,"Aircraft is in Attitude mode, so that it will not hover. Please fly with caution.",265,"Aircraft is in Attitude mode, so that it will not hover. Please fly with caution."
2286,Landing Gear Raising.,508,Landing Gear Raising.
2287,Landing Gear Paused.,210,Landing Gear Paused.
2288,Weak GPS signal. Aircraft is in Attitude mode and hovering may be unstable. Fly with caution.,432,Weak GPS signal. Aircraft is in Attitude mode and hovering may be unstable. Fly with caution.
2289,Weak GPS signal. Aircraft is in Attitude mode and hovering may be unstable. Fly with caution.,432,Weak GPS signal. Aircraft is in Attitude mode and hovering may be unstable. Fly with caution.
2290,Weak GPS signal. Aircraft is in Attitude mode and hovering may be unstable. Fly with caution.,432,Weak GPS signal. Aircraft is in Attitude mode and hovering may be unstable. Fly with caution.
2291,Home Point recorded. Return-to-Home Altitude : 98FT,12,Home Point recorded. Return-to-Home Altitude : 98FT
2292,Home Point recorded. Return-to-Home Altitude : 98FT,12,Home Point recorded. Return-to-Home Altitude : 98FT
2293,Aircraft is close to the Home Point. Initiating Return to Home will now trigger Auto Landing.,252,Aircraft is close to the Home Point. Initiating Return to Home will now trigger Auto Landing.
2294,Data Recorder File Index is 5.,109,Data Recorder File Index is 5.
2295,RTH Altitude : 65FT.,115,RTH Altitude : 65FT.
2296,Landing.,280,Landing.
2297,Data Recorder File Index is 2.,109,Data Recorder File Index is 2.
2298,Home Point Updated.,166,Home Point Updated.
2299,Home Point recorded. Return-to-Home Altitude : 98FT.,12,Home Point recorded. Return-to-Home Altitude : 98FT.
2300,Downlink Restored (after 0m 11.3s).,505,Downlink Restored (after 0m 11.3s).
2301,Aircraft is close to the Home Point. Initiating Return to Home will now trigger Auto Landing.,252,Aircraft is close to the Home Point. Initiating Return to Home will now trigger Auto Landing.
2302,Downlink Lost.,120,Downlink Lost.
2303,Home Point Recorded. RTH Altitude : 30m.,12,Home Point Recorded. RTH Altitude : 30m.
2304,Fly with caution and ensure the aircraft remains within your line of sight.,360,Fly with caution and ensure the aircraft remains within your line of sight.
2305,Mobile device CPU fully loaded. Related performance will be affected.,137,Mobile device CPU fully loaded. Related performance will be affected.
2306,Fly with caution and ensure the aircraft remains within your line of sight.,360,Fly with caution and ensure the aircraft remains within your line of sight.
2307,Fly with caution and ensure the aircraft remains within your line of sight.,360,Fly with caution and ensure the aircraft remains within your line of sight.
2308,Strong wireless interference. Please fly with caution.,445,Strong wireless interference. Please fly with caution.
2309,Strong wireless interference. Please fly with caution.,445,Strong wireless interference. Please fly with caution.
2310,Strong wireless interference. Please fly with caution.,445,Strong wireless interference. Please fly with caution.
2311,Strong wireless interference. Please fly with caution.,445,Strong wireless interference. Please fly with caution.
2312,Strong wireless interference. Please fly with caution.,445,Strong wireless interference. Please fly with caution.
2313,Strong wireless interference. Please fly with caution.,445,Strong wireless interference. Please fly with caution.
2314,Strong wireless interference. Please fly with caution.,445,Strong wireless interference. Please fly with caution.
2315,Strong wireless interference. Please fly with caution.,445,Strong wireless interference. Please fly with caution.
2316,Satellite Positioning Off. Fly with caution.,206,Satellite Positioning Off. Fly with caution.
2317,Strong wireless interference. Please fly with caution.,445,Strong wireless interference. Please fly with caution.
2318,Strong wireless interference. Please fly with caution.,445,Strong wireless interference. Please fly with caution.
2319,Strong wireless interference. Please fly with caution.,445,Strong wireless interference. Please fly with caution.
2320,Strong wireless interference. Please fly with caution.,445,Strong wireless interference. Please fly with caution.
2321,Strong wireless interference. Please fly with caution.,445,Strong wireless interference. Please fly with caution.
2322,Strong wireless interference. Please fly with caution.,445,Strong wireless interference. Please fly with caution.
2323,Strong wireless interference. Please fly with caution.,445,Strong wireless interference. Please fly with caution.
2324,Strong wireless interference. Please fly with caution.,445,Strong wireless interference. Please fly with caution.
2325,Your aircraft has entered a Warning Zone (Class D). Please fly with caution.,159,Your aircraft has entered a Warning Zone (Class D). Please fly with caution.
2326,Fly with caution and ensure the aircraft remains within your line of sight.,360,Fly with caution and ensure the aircraft remains within your line of sight.
2327,Home Point Recorded. RTH Altitude : 30m.,12,Home Point Recorded. RTH Altitude : 30m.
2328,Taking Off.,162,Taking Off.
2329,Taking Off.,162,Taking Off.
2330,Home Point Recorded. RTH Altitude : 30m.,12,Home Point Recorded. RTH Altitude : 30m.
2331,Your palm is too far away from the aircraft. Please step closer.,552,Your palm is too far away from the aircraft. Please step closer.
2332,Your palm is too far away from the aircraft. Please step closer.,552,Your palm is too far away from the aircraft. Please step closer.
2333,Your palm is too far away from the aircraft. Please step closer.,552,Your palm is too far away from the aircraft. Please step closer.
2334,PalmControl in Process,279,PalmControl in Process
2335,PalmControl in Process,279,PalmControl in Process
2336,Away and Follow in progress.,126,Away and Follow in progress.
2337,Your palm is too far away from the aircraft. Please step closer.,552,Your palm is too far away from the aircraft. Please step closer.
2338,Aircraft is now following you.,93,Aircraft is now following you.
2339,Drag a box around or tap a target on screen. Then tap Go.,293,Drag a box around or tap a target on screen. Then tap Go.
2340,Cannot Identify Subject,223,Cannot Identify Subject
2341,Subject lost. Searching ...,157,Subject lost. Searching ...
2342,Cannot Identify Subject,223,Cannot Identify Subject
2343,Subject lost. Searching ...,157,Subject lost. Searching ...
2344,Subject lost. Searching ...,157,Subject lost. Searching ...
2345,Drag a box around or tap a target on screen. Then tap Go.,293,Drag a box around or tap a target on screen. Then tap Go.
2346,Max Flight Distance Reached. Adjust in Main Controller Settings if necessary.,44,Max Flight Distance Reached. Adjust in Main Controller Settings if necessary.
2347,Aircraft is entering a restricted area,134,Aircraft is entering a restricted area
2348,Drag a box around or tap a target on screen. Then tap Go.,293,Drag a box around or tap a target on screen. Then tap Go.
2349,Subject too Small. Get Closer and retry,40,Subject too Small. Get Closer and retry
2350,Aircraft is entering a restricted area,134,Aircraft is entering a restricted area
2351,Max Flight Distance Reached. Adjust in Main Controller Settings if necessary.,44,Max Flight Distance Reached. Adjust in Main Controller Settings if necessary.
2352,The remaining battery is only enough for RTH. Return home now.,86,The remaining battery is only enough for RTH. Return home now.
2353,Low Power. Aircraft is returning to the Home Point.,133,Low Power. Aircraft is returning to the Home Point.
2354,Obstacle Avoidance will be disabled in landing.,444,Obstacle Avoidance will be disabled in landing.
2355,The remaining battery is only enough for RTH. Return home now.,86,The remaining battery is only enough for RTH. Return home now.
2356,Home Point Recorded. RTH Altitude : 30m.,12,Home Point Recorded. RTH Altitude : 30m.
2357,Fly with caution and ensure the aircraft remains within your line of sight.,360,Fly with caution and ensure the aircraft remains within your line of sight.
2358,Aircraft close to Home Point. go home shifts to landing.,50,Aircraft close to Home Point. go home shifts to landing.
